npb_name,english_name,origin_league,origin_country,npb_first_year,first_team,player_type,position,mlb_id,npb_first_year_PA,npb_first_year_AVG,npb_first_year_OPS,npb_first_year_wOBA,npb_first_year_ERA,npb_first_year_IP,npb_first_year_WHIP
アキーノ,Aristides Aquino,MLB,Dominican Republic,2023,中日,hitter,,,68,0.154,0.438,0.1980,,,
アギラー,Jesús Aguilar,MLB,Venezuela,2024,西武,hitter,内野手,,124,0.204,0.575,0.2741,,,
アストゥディーヨ,Willians Astudillo,MLB,Venezuela,2023,ソフトバンク,hitter,,,50,0.136,0.447,0.2167,,,
アセベド,Stiven Acevedo,Independent,Dominican Republic,2025,ロッテ,hitter,,,12,0.182,0.705,,,,
アダメス,Samuel Adames,AAA,Dominican Republic,2018,巨人,pitcher,,,,,,,3.94,32.0,1.56
アビラ,Pedro Avila,MLB,Venezuela,2025,ヤクルト,pitcher,,,,,,,4.04,82.1,1.21
アブレイユ,Albert Abreu,MLB,Dominican Republic,2024,西武,pitcher,投手,,,,,,2.39,49.0,1.18
アマダー,Japhet Amador,Independent,Mexico,2016,楽天,hitter,,,138,0.258,0.805,0.3604,,,
アラウホ,Elvis Araújo,MLB,Venezuela,2017,,pitcher,,,,,,,6.48,8.1,1.44
アルカンタラ,Raúl Alcántara,KBO,Dominican Republic,2021,阪神,hitter,,,,,,0.1006,,,
アルシア,Oswaldo Arcia,MLB,Venezuela,2018,日本ハム,hitter,,,324,0.222,0.72,0.3265,,,
アルバレス,Dariel Álvarez,Independent,Cuba,2021,ソフトバンク,hitter,投手,,40,0.162,0.495,0.2305,,,
アルバース,Andrew Albers,MLB,Canada,2018,オリックス,pitcher,,,,,,,3.08,114.0,1.11
アルモンテ,Zoilo Almonte,Independent,Dominican Republic,2018,中日,hitter,内野手,,546,0.321,0.861,0.3827,,,
アンダーソン,Leslie Anderson,AAA,Cuba,2015,広島,hitter,,,260,0.252,0.729,0.3383,,,
アンドリース,Matt Andriese,MLB,USA,2022,巨人,pitcher,,,,,,,4.82,18.2,1.71
アンバギー,Trey Amburgey,MLB,USA,2023,DeNA,hitter,,,8,0.125,0.25,0.1143,,,
アーリン,Robbie Erlin,MLB,USA,2021,日本ハム,pitcher,,,,,,,3.32,38.0,1.34
イノーア,Gabriel Ynoa,MLB,Dominican Republic,2020,ヤクルト,pitcher,,,,,,,10.13,24.0,2.29
イ・デウン,Lee Dae-eun,AAA,South Korea,2015,,pitcher,,,,,,,3.84,119.2,1.54
ウィック,Rowan Wick,MLB,Canada,2024,DeNA,pitcher,投手,,,,,,2.6,45.0,1.24
ウィルカーソン,Aaron Wilkerson,MLB,USA,2022,阪神,pitcher,,,,,,,4.08,70.2,1.29
ウィンゲンター,Trey Wingenter,MLB,USA,2025,西武,pitcher,,,,,,,1.74,46.2,0.99
ウィーランド,Joe Wieland,MLB,USA,2017,DeNA,pitcher,,,,,,,2.98,133.0,1.14
ウィーラー,Zelous Wheeler,MLB,USA,2015,楽天,hitter,,,313,0.255,0.791,0.3626,,,
ウェンデルケン,J.B. Wendelken,MLB,USA,2023,DeNA,pitcher,投手,,,,,,1.66,59.2,1.04
ウエスト,Matt West,MLB,USA,2017,,pitcher,,,,,,,4.50,2.0,2.00
ウォルターズ,Nash Walters,MLB,USA,2025,中日,pitcher,,,,,,,0.0,5.0,1.6
ウォーカー,Adam Walker,Independent,USA,2022,巨人,hitter,外野手,,428,0.271,0.821,0.3647,,,
ウルキデス,Jason Urquidez,Independent,USA,2018,ヤクルト,pitcher,,,,,,,5.06,5.1,1.31
ウルフ,Brian Wolfe,MLB,USA,2015,西武,pitcher,,,,,,,11.00,9.0,2.44
ウレーニャ,Estamy Gabriel Ureña,MiLB,Dominican Republic,2020,巨人,hitter,内野手,,20,0.167,0.417,0.2076,,,
エスコバー,Edwin Escobar,MLB,Venezuela,2017,DeNA,pitcher,,,,,,,3.44,34.0,1.29
エスパーダ,José Manuel Espada,MLB,Puerto Rico,2024,ヤクルト,pitcher,投手,,,,,,5.0,27.0,1.52
エスピナル,Raynel Espinal,MLB,Dominican Republic,2023,ヤクルト,pitcher,,,,,,,5.4,5.0,1.2
エスピノーザ,Anderson Espinoza,MLB,Venezuela,2024,オリックス,pitcher,投手,,,,,,2.63,133.2,1.27
エチェバリア,Adeiny Hechavarria,MLB,Cuba,2021,ロッテ,hitter,,,216,0.203,0.536,0.2395,,,
エップラー,Tyler Eppler,AAA,USA,2019,オリックス,pitcher,,,,,,,4.02,31.1,1.60
エドワーズ,Jon Edwards,MLB,USA,2020,阪神,pitcher,,,,,,,2.38,22.2,0.88
エリアン,Elian Herrera,AAA,Dominican Republic,2016,,hitter,,,274,0.218,0.597,0.2741,,,
エルドレッド,Brad Eldred,AAA,USA,2015,広島,hitter,,,300,0.227,0.773,0.3505,,,
エルナンデス,Anderson Hernandez,AAA,Dominican Republic,2015,,hitter,,,548,0.271,0.716,0.3283,,,
エレラ,Yoslan Herrera,MLB,Cuba,2015,,pitcher,,,,,,,2.96,51.2,1.14
エンス,Dietrich Enns,MLB,USA,2022,西武,pitcher,,,,,,,2.94,122.1,1.21
オグレディ,Brian O'Grady,MLB,USA,2022,西武,hitter,,,465,0.213,0.695,0.3203,,,
オスカル,Oscar Nakaoji,Independent,Brazil,2016,広島,pitcher,,,,,,,6.35,22.2,1.72
オスナ,Jose Osuna,MLB,Mexico,2021,ヤクルト,hitter,投手,,495,0.258,0.694,0.3115,,,
オリバレス,Edward Olivares,MLB,Venezuela,2025,オリックス,hitter,,,35,0.182,0.441,0.2104,,,
オルモス,Edgar Olmos,MLB,USA,2018,ロッテ,pitcher,,,,,,,7.71,7.0,2.14
オンドルセク,Logan Ondrusek,MLB,USA,2015,,pitcher,,,,,,,2.05,70.1,1.05
オースティン,Tyler Austin,MLB,USA,2020,DeNA,hitter,外野手,,269,0.286,0.969,0.4268,,,
オーレンドルフ,Ross Ohlendorf,MLB,USA,2017,,pitcher,,,,,,,5.50,18.0,1.61
カイケル,Dallas Keuchel,MLB,USA,2024,ロッテ,pitcher,投手,,,,,,3.6,40.0,1.3
カスティーヨ,Fabio Castillo,MLB,Dominican Republic,2018,西武,pitcher,投手,,,,,,4.48,74.1,1.41
カステヤーノス,Alex Castellanos,MLB,USA,2015,,hitter,,,22,0.1,0.332,0.1680,,,
カニザレス,Bárbaro Cañizares,Independent,Cuba,2015,,hitter,,,36,0.333,0.843,0.3886,,,
カミネロ,Arquimedes Caminero,MLB,Dominican Republic,2017,巨人,pitcher,,,,,,,2.42,63.1,1.25
カラシティー,Matt Carasiti,MLB,USA,2018,ヤクルト,pitcher,,,,,,,4.18,94.2,1.39
カラバイヨ,Francisco Caraballo,Independent,Venezuela,2015,,hitter,,,247,0.252,0.771,0.3508,,,
カリステ,Orlando Calixte,Independent,Dominican Republic,2023,中日,hitter,内野手,,172,0.233,0.639,0.2903,,,
カルロス・ロサ,Carlos Rosa,MLB,Dominican Republic,2015,,pitcher,,,,,,,4.97,29.0,1.52
カンポス,Leonel Campos,MLB,Venezuela,2018,広島,pitcher,,,,,,,0.00,1.0,2.00
ガゼルマン,Robert Gsellman,MLB,USA,2022,DeNA,pitcher,,,,,,,2.66,20.1,1.03
ガラテ,Victor Garate,Independent,Venezuela,2015,,pitcher,,,,,,,1.71,26.1,1.41
ガルシア,Guillermo García García,Cuba,Dominican Republic,2016,中日,hitter,外野手,,7,0.0,0.0,,,,
ガルセス,Frank Garces,MLB,Dominican Republic,2017,,pitcher,,,,,,,6.39,31.0,1.52
ガルビス,Freddy Galvis,MLB,Venezuela,2022,ソフトバンク,hitter,,,130,0.171,0.528,0.2578,,,
ガンケル,Joe Gunkel,AAA,USA,2020,阪神,pitcher,,,,,,,3.18,56.2,1.18
ガーバー,Mike Gerber,MLB,USA,2021,中日,hitter,,,46,0.156,0.352,0.1620,,,
キブレハン,Patrick Kivlehan,MLB,USA,2022,ヤクルト,hitter,,,87,0.241,0.758,0.3347,,,
キャベッジ,Trey Cabbage,MLB,USA,2025,巨人,hitter,,,476,0.267,0.781,0.3561,,,
キャンデラリオ,Alexis Candelario,Independent,Dominican Republic,2017,,pitcher,,,,,,,21.00,3.0,3.67
キャンベル,Eric Campbell,MLB,USA,2017,,hitter,,,54,0.191,0.594,0.2805,,,
ギッテンス,Chris Gittens,MLB,USA,2022,楽天,hitter,,,74,0.242,0.639,0.3111,,,
ギャレット,Reed Garrett,MLB,USA,2016,西武,pitcher,,,,,,,,,
ギルメット,Preston Guilmet,MLB,USA,2017,,pitcher,,,,,,,3.62,54.2,1.17
クック,Ryan Cook,MLB,USA,2019,巨人,pitcher,,,,,,,4.80,15.0,1.67
クライン,Phil Klein,MLB,USA,2017,,pitcher,,,,,,,4.75,36.0,1.58
クラーク,Matt Clark,MLB,USA,2016,,hitter,,,34,0.172,0.708,0.3276,,,
クリスキー,Brooks Kriske,MLB,USA,2022,DeNA,pitcher,,,,,,,2.57,21.0,1.33
クルーズ,Luis Cruz,AAA,Mexico,2015,,hitter,,,532,0.255,0.691,0.3147,,,
クロッタ,Michael Crotta,MLB,USA,2015,,pitcher,,,,,,,6.59,28.2,1.92
クロン,Kevin Cron,MLB,USA,2021,広島,hitter,,,137,0.231,0.701,0.3133,,,
クロール,Ian Krol,MLB,USA,2022,巨人,pitcher,,,,,,,3.86,21.0,1.29
グスマン,Jesus Guzman,MLB,Venezuela,2015,,hitter,,,116,0.23,0.756,0.3505,,,
グラシアル,Yurisbel Gracial,Cuba,Cuba,2018,ソフトバンク,hitter,,,202,0.292,0.828,0.3673,,,
グリフィン,Foster Griffin,MLB,USA,2023,巨人,pitcher,投手,,,,,,2.75,121.0,1.07
グリーン,Rodger Green,AAA,USA,2017,,hitter,,,81,0.194,0.59,0.2765,,,
ケイ,Anthony Kay,MLB,USA,2024,DeNA,pitcher,投手,,,,,,3.42,136.2,1.34
ケラー,Kyle Keller,MLB,USA,2022,阪神,pitcher,投手,,,,,,3.31,32.2,0.92
ゲラ,Javier Guerra,MLB,Panama,2024,阪神,pitcher,投手,,,,,,1.55,58.0,1.0
ゲレーロ,Alex Guerrero,MLB,Cuba,2017,巨人,hitter,,,510,0.279,0.896,0.3949,,,
コットン,Jharel Cotton,MLB,USA,2023,オリックス,pitcher,,,,,,,5.89,18.1,1.53
コラス,Oscar Colás,Cuba,Cuba,2018,ソフトバンク,hitter,,,,,,,,,
コラレス,Josh Corrales,Independent,USA,2017,楽天,pitcher,,,,,,,15.00,3.0,3.67
コルデロ,Remy Moise Cordero,Independent,Dominican Republic,2019,DeNA,hitter,投手,,,,,,,,
コルニエル,Robert Corniel,MiLB,Dominican Republic,2020,広島,pitcher,投手,,,,,,,,
コーク,Phil Coke,MLB,USA,2017,,pitcher,,,,,,,4.56,23.2,1.69
コーディエ,Erik Cordier,MLB,USA,2016,,pitcher,,,,,,,7.3,12.1,2.11
コール,A.J. Cole,MLB,USA,2022,ヤクルト,pitcher,,,,,,,2.75,36.0,1.08
ゴメス,Mauro Gomez,AAA,Dominican Republic,2015,,hitter,,,601,0.271,0.787,0.3654,,,
ゴンサレス,Luis González,AAA,Dominican Republic,2020,中日,pitcher,,,,,,,4.78,26.1,1.63
ゴンザレス,Marwin González,MLB,Venezuela,2023,オリックス,hitter,内野手,,321,0.217,0.65,0.2963,,,
ゴームズ,Jonny Gomes,MLB,USA,2016,,hitter,,,75,0.169,0.526,0.2592,,,
サイスニード,Cy Sneed,MLB,USA,2021,ヤクルト,pitcher,投手,,,,,,3.41,68.2,1.21
サターホワイト,Cody Satterwhite,MLB,USA,2016,,pitcher,,,,,,,2.57,21.0,1.29
サファテ,Dennis Sarfate,AAA,USA,2015,ソフトバンク,pitcher,,,,,,,1.11,64.2,0.63
サモンズ,Bryan Sammons,MLB,USA,2025,ロッテ,pitcher,,,,,,,3.78,85.2,1.34
サンズ,Jerry Sands,KBO,USA,2020,阪神,hitter,,,443,0.257,0.814,0.3707,,,
サンタナ,Juan Daniel Santana,MiLB,Dominican Republic,2019,広島,hitter,外野手,,34,0.182,0.388,0.1797,,,
サンチェス,Angel Sánchez,KBO,Dominican Republic,2015,巨人,pitcher,,,,,,,,,
サンティアゴ,Mario Santiago,AAA,Puerto Rico,2015,,pitcher,,,,,,,4.32,16.2,1.62
サントス,Roel Santos,Cuba,Cuba,2017,ロッテ,hitter,,,193,0.25,0.637,0.2879,,,
ザガースキー,Mike Zagurski,MLB,USA,2015,,pitcher,,,,,,,2.40,15.0,1.33
ザバラ,Aneurys Zabala,AAA,Dominican Republic,2024,日本ハム,pitcher,投手,,,,,,1.2,15.0,1.0
シアーホルツ,Nate Schierholtz,MLB,USA,2015,,hitter,,,248,0.25,0.734,0.3351,,,
シェッパーズ,Tanner Scheppers,MLB,USA,2018,ロッテ,pitcher,,,,,,,4.54,37.2,1.65
シエラ,Moisés Sierra,Independent,Dominican Republic,2020,中日,hitter,,,94,0.225,0.617,0.2955,,,
シャイナー,Jake Scheiner,AAA,USA,2024,広島,hitter,内野手,,31,0.133,0.428,0.1977,,,
シャッケルフォード,Kevin Shackelford,MLB,USA,2021,DeNA,pitcher,,,,,,,5.17,31.1,1.40
シュウィンデル,Frank Schwindel,MLB,USA,2023,オリックス,hitter,,,70,0.188,0.461,0.2053,,,
シュリッター,Brian Schlitter,MLB,USA,2017,,pitcher,,,,,,,2.83,63.2,1.37
シューメーカー,Matt Shoemaker,MLB,USA,2022,巨人,pitcher,,,,,,,4.25,95.1,1.28
シリアコ,Audy Ciriaco,Independent,Dominican Republic,2017,,hitter,,,28,0.074,0.218,0.1041,,,
ジェフン,Ha Jae-hoon,Independent,South Korea,2016,,hitter,,,42,0.225,0.537,0.2503,,,
ジェンセン,Kyle Jensen,MLB,USA,2017,,hitter,,,14,0.083,0.548,0.2552,,,
ジャクソン,Jay Jackson,MLB,USA,2016,広島,pitcher,投手,,,,,,1.71,68.1,1.01
ジャンセン・ウィティ,Jantzen Witte,AAA,USA,2022,西武,hitter,,,128,0.192,0.51,0.2322,,,
ジョンソン,Kris Johnson,AAA,USA,2015,広島,pitcher,,,,,,,1.85,194.1,1.10
ジョーダン,Jordan Norberto,MLB,Dominican Republic,2016,,pitcher,,,,,,,4.24,121.0,1.36
ジョーンズ,Adam Jones,MLB,USA,2020,オリックス,hitter,,,338,0.258,0.749,0.3406,,,
ジー,Dillon Gee,MLB,USA,2018,中日,pitcher,,,,,,,4.00,27.0,1.22
スアレス,Robert Suarez,Independent,Venezuela,2016,ソフトバンク,pitcher,,,,,,,3.19,53.2,1.25
スコット,Tayler Scott,MLB,South Africa,2020,広島,pitcher,,,,,,,15.75,8.0,3.13
スタンリッジ,Jason Standridge,AAA,USA,2015,,pitcher,,,,,,,3.74,144.1,1.34
スチュワート・ジュニア,Carter Stewart Jr.,Amateur,USA,2019,ソフトバンク,pitcher,投手,,,,,,,,
スティーブンソン,Andrew Stevenson,MLB,USA,2024,日本ハム,hitter,外野手,,63,0.161,0.368,0.1716,,,
スパンジェンバーグ,Cory Spangenberg,MLB,USA,2020,西武,hitter,,,445,0.268,0.807,0.3602,,,
スパークマン,Glenn Sparkman,MLB,USA,2021,オリックス,pitcher,,,,,,,6.88,17.0,1.35
スミス,Burch Smith,MLB,USA,2022,西武,pitcher,,,,,,,3.29,38.1,1.15
スモーク,Justin Smoak,MLB,USA,2021,巨人,hitter,,,125,0.272,0.818,0.3673,,,
セデーニョ,Leandro Cedeño,AAA,Venezuela,2023,オリックス,hitter,内野手,,187,0.244,0.716,0.3211,,,
セプティモ,Leyson Séptimo,Independent,Dominican Republic,2016,,pitcher,,,,,,,4.26,6.1,1.74
セペダ,Frederich Cepeda,Cuba,Cuba,2015,,hitter,,,28,0.0,0.25,0.1806,,,
セラテリ,Anthony Seratelli,AAA,USA,2015,,hitter,,,74,0.183,0.562,0.2841,,,
ソト,Neftali Soto,MLB,Puerto Rico,2018,DeNA,hitter,内野手,,459,0.31,1.008,0.4367,,,
ソラーテ,Yangervis Solarte,MLB,Venezuela,2019,阪神,hitter,,,80,0.188,0.681,0.3032,,,
ソリス,Sammy Solís,MLB,USA,2019,DeNA,pitcher,,,,,,,2.08,4.1,1.38
タバーレス,Yohan Tavarez,Independent,Dominican Republic,2018,広島,pitcher,,,,,,,,,
ターリー,Nik Turley,MLB,USA,2022,広島,pitcher,投手,,,,,,3.11,37.2,1.12
ダイクストラ,James Dykstra,Independent,USA,2024,ロッテ,pitcher,投手,,,,,,1.64,11.0,1.64
ダウンズ,Jeter Downs,AAA,Colombia,2024,ソフトバンク,hitter,内野手,,26,0.273,0.794,0.3774,,,
ダフィー,Matt Duffy,MLB,USA,2017,,hitter,,,183,0.201,0.651,0.2960,,,
ダーモディ,Matt Dermody,MLB,USA,2021,西武,pitcher,,,,,,,5.13,33.1,1.77
チェイビス,Michael Chavis,AAA,USA,2025,中日,hitter,,,120,0.171,0.619,0.2894,,,
チェン・ウェイン,Chen Wei-Yin,MLB,Taiwan,2020,ロッテ,pitcher,,,,,,,2.42,26.0,1.00
チェン・グァンユウ,Chen Kuan-Yu,Amateur,Taiwan,2015,ロッテ,pitcher,,,,,,,3.23,61.1,1.37
ティノコ,Jesús Tinoco,MLB,Venezuela,2023,西武,pitcher,,,,,,,2.83,35.0,1.51
テームズ,Eric Thames,MLB,USA,2021,巨人,hitter,,,2,0.0,0.0,,,,
ディアス,Yofrec Diaz,Amateur,Venezuela,2020,DeNA,hitter,投手,,,,,,,,
ディカーソン,Alex Dickerson,Independent,USA,2024,中日,hitter,外野手,,102,0.205,0.666,0.3177,,,
ディクソン,Brandon Dickson,AAA,USA,2015,オリックス,pitcher,,,,,,,2.48,130.2,1.25
ディプラン,Nattino Diplan,AAA,Dominican Republic,2020,巨人,pitcher,,,,,,,19.29,2.1,3.86
デイビーズ,Kyle Davies,MLB,USA,2016,,pitcher,,,,,,,4.39,82.0,1.4
デスパイネ,Alfredo Despaigne,Independent,Cuba,2015,ソフトバンク,hitter,,,409,0.258,0.814,0.3731,,,
デニング,Mitchell Dening,Independent,Australia,2015,,hitter,,,227,0.222,0.671,0.3184,,,
デビッドソン,Matt Davidson,MLB,USA,2023,広島,hitter,,,381,0.21,0.698,0.3165,,,
デュプランティエ,Jon Duplantier,AAA,USA,2025,阪神,pitcher,,,,,,,1.39,90.2,0.81
デラバー,Steve Delabar,MLB,USA,2016,,pitcher,,,,,,,0.0,2.0,0.0
デラロサ,Rubby De La Rosa,MLB,Dominican Republic,2019,巨人,pitcher,,,,,,,2.25,24.0,0.88
デービス,J.D. Davis,MLB,USA,2025,西武,hitter,,,131,0.204,0.623,0.2991,,,
トンキン,Michael Tonkin,MLB,USA,2018,日本ハム,pitcher,,,,,,,3.71,51.0,1.33
トーマス,Cody Thomas,AAA,USA,2024,オリックス,hitter,外野手,,18,0.0,0.0,,,,
ドミンゲス,Matt Dominguez,MLB,USA,2018,ロッテ,hitter,,,93,0.19,0.757,0.3347,,,
ドリス,Rafael Dolis,MLB,Dominican Republic,2016,阪神,pitcher,,,,,,,2.12,34.0,1.03
ドレイク,Yadir Drake,Independent,Cuba,2017,,hitter,,,86,0.232,0.56,0.2568,,,
ナニータ,Ricardo Nanita,Independent,Dominican Republic,2015,,hitter,,,169,0.308,0.736,0.3401,,,
ナバーロ,Efren Navarro,MLB,USA,2016,阪神,hitter,,,340,0.217,0.679,0.3201,,,
ニックス,Jacob Nix,MLB,USA,2023,オリックス,pitcher,,,,,,,10.5,6.0,2.17
ニール,Zach Neal,MLB,USA,2019,西武,pitcher,,,,,,,2.87,100.1,1.18
ヌニエス,Renato Núñez,MLB,Venezuela,2022,日本ハム,hitter,,,180,0.174,0.527,0.2424,,,
ネイラー,Drew Naylor,Independent,Australia,2015,,pitcher,,,,,,,3.81,52.0,1.29
ネバラスカス,Dovydas Neverauskas,MLB,Lithuania,2021,広島,pitcher,,,,,,,10.13,2.2,3.00
ネビン,Tyler Nevin,MLB,USA,2025,西武,hitter,,,570,0.277,0.794,0.3629,,,
ネルソン,Nick Nelson,MLB,USA,2025,阪神,pitcher,,,,,,,1.93,32.2,1.16
ノイジー,Sheldon Neuse,MLB,USA,2023,阪神,hitter,外野手,,516,0.24,0.623,0.2887,,,
ノリン,Sean Nolin,MLB,USA,2020,西武,pitcher,,,,,,,6.75,21.1,1.50
ハイネマン,Scott Heineman,MLB,USA,2021,巨人,hitter,,,28,0.16,0.45,0.2220,,,
ハッチ,Thomas Hatch,MLB,USA,2024,広島,pitcher,投手,,,,,,7.36,22.0,1.73
ハフ,David Huff,KBO,USA,2018,ヤクルト,pitcher,,,,,,,4.87,94.1,1.40
ハフマン,Chad Huffman,MLB,USA,2015,,hitter,,,13,0.091,0.322,0.1820,,,
ハワード,Spencer Howard,MLB,USA,2025,楽天,pitcher,,,,,,,2.22,48.2,1.09
ハンコック,Justin Hancock,MLB,USA,2019,日本ハム,pitcher,,,,,,,9.00,7.0,1.86
ハンソン,Alen Hanson,Independent,Dominican Republic,2023,日本ハム,hitter,,,96,0.144,0.499,0.2266,,,
ハートウィグ,Grant Hartwig,MLB,USA,2025,阪神,pitcher,,,,,,,3.65,12.1,1.3
ハーマン,Frank Herrmann,MLB,USA,2017,楽天,pitcher,,,,,,,2.72,53.0,1.15
ハーミッダ,Jeremy Hermida,AAA,USA,2015,,hitter,,,192,0.211,0.607,0.2938,,,
ハーン,Taylor Hearn,MLB,USA,2024,広島,pitcher,投手,,,,,,1.29,35.0,0.71
バウアー,Trevor Bauer,MLB,USA,2023,DeNA,pitcher,,,,,,,2.76,130.2,1.15
バウマン,Mike Baumann,MLB,USA,2025,ヤクルト,pitcher,,,,,,,4.2,15.0,1.93
バスケス,Esmerling Vasquez,CPBL,Dominican Republic,2015,,pitcher,,,,,,,3.63,34.2,1.76
バティスタ,Xavier Batista,AAA,Dominican Republic,2017,広島,hitter,,,143,0.256,0.896,0.3921,,,
バニュエロス,Manny Bañuelos,MLB,Mexico,2023,楽天,pitcher,,,,,,,81.0,0.2,9.0
バリオス,Edison Barrios,Independent,Venezuela,2015,DeNA,pitcher,,,,,,,3.18,34.0,1.56
バリントン,Bryan Bullington,AAA,USA,2015,,pitcher,,,,,,,3.30,73.2,1.14
バルガス,Kennys Vargas,MLB,Puerto Rico,2019,ロッテ,pitcher,,,,,,,,,
バルディリス,Aarom Baldiris,MiLB,Venezuela,2015,,hitter,,,525,0.258,0.725,0.3365,,,
バルデス,Raul Valdes,AAA,Cuba,2015,,pitcher,,,,,,,3.18,133.0,1.25
バルドナード,Alberto Baldonado,AAA,Panama,2023,巨人,pitcher,投手,,,,,,1.69,21.1,1.17
バレラ,Breyvic Valera,MLB,Venezuela,2022,オリックス,hitter,,,127,0.205,0.57,0.2713,,,
バレンティン,Wladimir Balentien,MLB,Curaçao,2015,ヤクルト,hitter,,,52,0.186,0.629,0.3071,,,
バンデンハーク,Rick van den Hurk,KBO,Netherlands,2015,ソフトバンク,pitcher,,,,,,,2.52,93.0,0.98
バンヘッケン,Andy Van Hekken,KBO,USA,2016,,pitcher,,,,,,,6.31,45.2,1.86
バース,Anthony Bass,MLB,USA,2016,,pitcher,,,,,,,3.65,103.2,1.44
バード,Kyle Bird,MLB,USA,2021,広島,pitcher,,,,,,,4.57,21.2,1.57
バーネット,Tony Barnette,AAA,USA,2015,,pitcher,,,,,,,1.29,62.2,0.89
バーヘイゲン,Drew VerHagen,MLB,USA,2020,日本ハム,pitcher,投手,,,,,,3.22,111.2,1.07
バーベイト,Johnny Barbato,MLB,USA,2019,日本ハム,pitcher,,,,,,,5.63,32.0,1.75
パットン,Spencer Patton,MLB,USA,2017,DeNA,pitcher,,,,,,,2.70,60.0,1.15
パラデス,Jimmy Paredes,MLB,Dominican Republic,2017,,hitter,,,289,0.219,0.634,0.2872,,,
パーラ,Gerardo Parra,MLB,Venezuela,2020,巨人,hitter,,,154,0.267,0.689,0.3127,,,
ヒギンス,Tyler Higgins,AAA,USA,2020,オリックス,pitcher,,,,,,,2.40,41.1,1.38
ヒース,Deunte Heath,AAA,USA,2015,西武,pitcher,,,,,,,2.36,49.2,1.25
ビエイラ,Thyago Vieira,MLB,Brazil,2020,巨人,pitcher,,,,,,,3.28,24.2,1.78
ビシエド,Dayan Viciedo,MLB,Cuba,2016,中日,hitter,内野手,,471,0.274,0.838,0.3805,,,
ビドル,Jesse Biddle,MLB,USA,2022,オリックス,pitcher,,,,,,,4.02,40.1,1.39
ビヤヌエバ,Christian Villanueva,MLB,Mexico,2019,巨人,hitter,,,235,0.223,0.711,0.3256,,,
ビロウ,Duane Below,MLB,USA,2015,,pitcher,,,,,,,33.75,1.1,5.25
ビーズリー,Jeremy Beasley,MLB,USA,2023,阪神,pitcher,投手,,,,,,2.2,41.0,1.17
ビーディ,Tyler Beede,MLB,USA,2023,巨人,pitcher,,,,,,,3.99,49.2,1.45
ピレラ,Jose Pirela,MLB,Venezuela,2020,広島,hitter,,,337,0.266,0.723,0.3275,,,
ピーターズ,Dillon Peters,MLB,USA,2023,ヤクルト,pitcher,,,,,,,3.22,100.2,1.19
ピープルズ,Michael Peoples,AAA,USA,2020,DeNA,pitcher,,,,,,,4.97,38.0,1.39
ファイフ,Stephen Fife,MLB,USA,2017,,pitcher,,,,,,,6.86,21.0,2.14
ファビアン,Sandro Fabian,AAA,Dominican Republic,2025,広島,hitter,,,572,0.276,0.741,0.3382,,,
フェリス,Daritzon Feliz,MiLB,Dominican Republic,2023,ロッテ,pitcher,投手,,,,,,3.14,14.1,1.4
フェルナンド,Luciano Fernando,Independent,Brazil,2015,楽天,hitter,,,84,0.192,0.506,0.2411,,,
フォード,Mike Ford,MLB,USA,2024,DeNA,hitter,内野手,,22,0.2,0.623,0.2929,,,
フランコ,Maikel Franco,MLB,Dominican Republic,2023,楽天,hitter,内野手,,334,0.221,0.644,0.2951,,,
フランシスコ,Juan Francisco,MLB,Dominican Republic,2015,,hitter,,,18,0.167,0.333,0.1536,,,
フランスア,Geronimo Franzua,Independent,Dominican Republic,2018,広島,pitcher,,,,,,,1.66,65.0,1.11
フルプ,Marek Chlup,Independent,Czech Republic,2025,巨人,hitter,,,5,0.0,0.0,,,,
フローレス,Jose Flores,Independent,Venezuela,2020,ロッテ,pitcher,,,,,,,7.66,22.1,1.93
ブキャナン,David Buchanan,MLB,USA,2017,ヤクルト,pitcher,,,,,,,3.66,159.2,1.34
ブセニッツ,Alan Busenitz,MLB,USA,2019,楽天,pitcher,,,,,,,1.94,51.0,1.29
ブラッシュ,Jabari Blash,MLB,USA,2019,楽天,hitter,,,527,0.261,0.936,0.4154,,,
ブランコ,Tony Blanco,MiLB,Dominican Republic,2015,,hitter,,,189,0.194,0.649,0.3033,,,
ブリガム,Jake Brigham,MLB,USA,2016,,pitcher,,,,,,,5.24,34.1,1.6
ブリンソン,Lewis Brinson,MLB,USA,2023,巨人,hitter,,,294,0.248,0.694,0.3117,,,
ブルワー,Colten Brewer,MLB,USA,2023,阪神,pitcher,,,,,,,2.38,11.1,1.06
ブレイシア,Ryan Brasier,MLB,USA,2017,,pitcher,,,,,,,3.00,30.0,1.33
ブロッソー,Mike Brosseau,MLB,USA,2023,ロッテ,hitter,,,147,0.191,0.504,0.2280,,,
ブロードウェイ,Mike Broadway,MLB,USA,2016,,pitcher,,,,,,,4.5,6.0,1.5
ヘイグ,Matt Hague,MLB,USA,2016,,hitter,,,124,0.231,0.685,0.3228,,,
ヘルウェグ,Johnny Hellweg,MLB,USA,2018,広島,pitcher,,,,,,,1.13,8.0,1.13
ヘルナンデス,Darwinzon Hernandez,AAA,Venezuela,2023,ソフトバンク,hitter,投手,,,,,,,,
ヘルマン,Esteban German,MLB,Dominican Republic,2015,,hitter,,,245,0.267,0.665,0.3144,,,
ヘルメン,Gonzalez Germen,MLB,Dominican Republic,2017,,pitcher,,,,,,,2.68,47.0,1.45
ヘーゲンズ,Bradin Hagens,MLB,USA,2016,,pitcher,,,,,,,2.92,83.1,1.25
ペイトン,Mark Payton,MLB,USA,2023,西武,hitter,,,225,0.215,0.593,0.2730,,,
ペゲーロ,Carlos Peguero,MLB,Dominican Republic,2016,ロッテ,hitter,,,200,0.279,0.832,0.3769,,,
ペトリック,Zach Petrick,AAA,USA,2016,,pitcher,,,,,,,5.51,47.1,1.27
ペルドモ,Luis Perdomo,MLB,Dominican Republic,2023,ロッテ,pitcher,投手,,,,,,2.13,50.2,1.26
ペレス,Nelson Perez,Independent,Dominican Republic,2015,,hitter,,,10,0.0,0.1,0.0722,,,
ペーニャ,Wily Mo Pena,MLB,Dominican Republic,2015,,hitter,,,492,0.268,0.845,0.3938,,,
ホーキンス,Courtney Hawkins,Independent,USA,2023,ソフトバンク,hitter,,,10,0.0,0.0,,,,
ボイト,Luke Voit,Independent,USA,2025,楽天,hitter,,,276,0.3,0.882,0.4033,,,
ボグセビック,Brian Bogusevic,MLB,USA,2016,,hitter,,,193,0.187,0.601,0.2844,,,
ボス,Austin Voth,MLB,USA,2025,ロッテ,pitcher,,,,,,,3.96,125.0,1.26
ボスラー,Jason Vosler,AAA,USA,2025,中日,hitter,,,493,0.261,0.742,0.3370,,,
ボルシンガー,Mike Bolsinger,MLB,USA,2018,ロッテ,pitcher,,,,,,,3.06,117.2,1.22
ボーア,Justin Bour,MLB,USA,2020,阪神,hitter,,,379,0.243,0.76,0.3473,,,
ボー・タカハシ,Bo Takahashi,KBO,Brazil,2022,西武,pitcher,投手,,,,,,2.56,31.2,1.07
ポランコ,Gregory Polanco,MLB,Dominican Republic,2022,巨人,hitter,外野手,,484,0.24,0.762,0.3421,,,
ポレダ,Aaron Poreda,AAA,USA,2015,,pitcher,,,,,,,2.94,147.0,1.22
ポンセ,Cody Ponce,MLB,USA,2022,日本ハム,pitcher,投手,,,,,,3.35,83.1,1.10
ポーリーノ,Felipe Paulino,MLB,Dominican Republic,2016,,pitcher,,,,,,,4.7,44.0,1.57
マイコラス,Miles Mikolas,MLB,USA,2015,,pitcher,,,,,,,1.92,145.0,0.90
マエストリ,Alessandro Maestri,Independent,Italy,2015,,pitcher,,,,,,,3.19,42.1,1.42
マキノン,David MacKinnon,MLB,USA,2023,西武,hitter,,,514,0.259,0.728,0.3338,,,
マギー,Casey McGehee,MLB,USA,2017,巨人,hitter,,,586,0.315,0.897,0.3984,,,
マクガフ,Scott McGough,MLB,USA,2019,ヤクルト,pitcher,,,,,,,3.15,68.2,1.35
マクブルーム,Ryan McBroom,MLB,USA,2022,広島,hitter,,,508,0.272,0.794,0.3606,,,
マシソン,Scott Mathieson,MLB,Canada,2015,巨人,pitcher,,,,,,,2.62,58.1,1.17
マチャド,Andrés Machado,MLB,Venezuela,2024,オリックス,pitcher,投手,,,,,,2.03,53.1,1.01
マッカーシー,Joe McCarthy,MLB,USA,2022,オリックス,hitter,,,212,0.225,0.687,0.3242,,,
マテオ,Marcos Mateo,MLB,Dominican Republic,2016,阪神,pitcher,,,,,,,1.8,55.0,1.16
マラー,Kyle Muller,MLB,USA,2025,中日,pitcher,,,,,,,3.54,101.2,1.28
マルク,Kento Marc Ishida,Independent,Belgium,2020,中日,pitcher,,,,,,,12.00,3.0,2.67
マルセリーノ,Hansel Marcelino,MiLB,Dominican Republic,2022,DeNA,pitcher,投手,,,,,,,,
マルテ,Jefry Marte,MLB,Dominican Republic,2019,阪神,hitter,,,412,0.284,0.825,0.3721,,,
マルティネス,Raidel Martinez,Cuba,Cuba,2018,巨人,pitcher,捕手,,,,,,3.51,161.2,1.29
マルモレホス,José Marmolejos,MLB,USA,2022,楽天,hitter,,,223,0.208,0.62,0.2855,,,
マレーロ,Chris Marrero,MLB,USA,2017,オリックス,hitter,,,319,0.29,0.925,0.4080,,,
マーティン,,Cuba,Cuba,2016,西武,hitter,外野手,,,,,,,,
マートン,Matt Murton,MLB,USA,2015,,hitter,,,583,0.276,0.691,0.3180,,,
マーフィー,Patrick Murphy,MLB,USA,2024,日本ハム,pitcher,投手,,,,,,3.26,38.2,1.19
マーベル,James Marvel,MLB,USA,2023,日本ハム,pitcher,,,,,,,2.49,21.2,1.38
ミエセス,Johan Mieses,AAA,Dominican Republic,2023,阪神,hitter,外野手,,143,0.222,0.666,0.3073,,,
ミゲル・メヒア,Miguel Mejia,CPBL,USA,2015,,pitcher,,,,,,,14.73,3.2,3.55
ミコライオ,Kam Mickolio,MLB,USA,2016,,pitcher,,,,,,,2.38,45.1,0.95
ミッシュ,Pat Misch,KBO,USA,2016,,pitcher,,,,,,,8.44,5.1,2.63
ミランダ,Ariel Miranda,MLB,Cuba,2018,ソフトバンク,pitcher,,,,,,,1.89,47.2,1.15
ミレッジ,Lastings Milledge,MLB,USA,2015,,hitter,,,81,0.211,0.562,0.2620,,,
ムリーロ,Agustin Murillo,Independent,Mexico,2015,,hitter,,,37,0.313,0.749,0.3577,,,
ムーア,Matt Moore,MLB,USA,2020,ソフトバンク,pitcher,,,,,,,2.65,78.0,1.10
メッセンジャー,Randy Messenger,MLB,USA,2015,阪神,pitcher,,,,,,,2.97,193.2,1.15
メネズ,Conner Menez,MLB,USA,2022,日本ハム,pitcher,,,,,,,1.08,25.0,1.08
メネセス,Joey Meneses,AAA,Mexico,2019,オリックス,hitter,,,118,0.206,0.651,0.2939,,,
メヒア,Alejandro Mejia,MiLB,Panama,2015,広島,hitter,投手,,525,0.235,0.778,0.3537,,,
メルセデス,C.C. Mercedes,AAA,Dominican Republic,2018,巨人,pitcher,投手,,,,,,2.05,92.0,0.92
メンデス,Yohander Méndez,Independent,Venezuela,2017,巨人,pitcher,投手,,,,,,6.52,9.2,1.55
メンドーサ,Luis Mendoza,MLB,Mexico,2015,,pitcher,,,,,,,3.00,3.0,1.33
モイネロ,Livan Moinelo,Cuba,Cuba,2017,ソフトバンク,pitcher,投手,,,,,,2.52,35.2,0.98
モスコーソ,Guillermo Moscoso,MLB,Venezuela,2015,,pitcher,,,,,,,5.19,60.2,1.47
モタ,Israel Mota,Independent,Dominican Republic,2019,巨人,hitter,,,,,,,,,
モヤ,Steven Moya,MLB,Dominican Republic,2018,オリックス,hitter,,,101,0.301,0.787,0.3510,,,
モレノ,Diego Moreno,MLB,Venezuela,2018,阪神,pitcher,,,,,,,2.70,6.2,1.65
モレル,Brent Morel,MLB,USA,2016,,hitter,,,348,0.244,0.683,0.3172,,,
モンティージャ,Emailin Montilla,Independent,Dominican Republic,2019,広島,pitcher,,,,,,,14.54,4.1,3.46
モンテス,Coco Montes,AAA,USA,2024,巨人,hitter,内野手,,159,0.272,0.699,0.3225,,,
モンテロ,Elehuris Montero,MLB,Dominican Republic,2025,広島,hitter,,,396,0.255,0.692,0.3163,,,
ヤフーレ,Miguel Yajure,MLB,Venezuela,2024,ヤクルト,pitcher,投手,,,,,,3.34,129.1,1.34
ヤン,Jefry Yan,AAA,Dominican Republic,2024,西武,pitcher,投手,,,,,,5.58,30.2,1.66
ヤングマン,Taylor Jungmann,MLB,USA,2018,巨人,pitcher,,,,,,,2.77,26.0,1.31
ライブリー,Mitch Lively,AAA,USA,2015,,pitcher,,,,,,,5.30,18.2,1.82
ラベロ,Rangel Ravelo,MLB,USA,2021,オリックス,hitter,,,7,0.429,0.857,0.3882,,,
ランバート,Peter Lambert,MLB,USA,2025,ヤクルト,pitcher,,,,,,,4.26,116.1,1.5
リズ,Radhames Liz,MLB,Dominican Republic,2016,,pitcher,,,,,,,6.94,11.2,2.23
リベロ,Carlos Rivero,MLB,Venezuela,2017,,hitter,,,208,0.215,0.595,0.2660,,,
ルナ,Hector Luna,MLB,Dominican Republic,2015,,hitter,,,564,0.292,0.764,0.3549,,,
ルブラン,Wade LeBlanc,MLB,USA,2015,,pitcher,,,,,,,4.23,44.2,1.37
ルーキ,Josh Lueke,Independent,USA,2016,,pitcher,,,,,,,3.06,64.2,1.33
レアード,Brandon Laird,AAA,USA,2015,日本ハム,hitter,,,554,0.231,0.789,0.3570,,,
レイ,Kenneth Ray,CPBL,USA,2015,ソフトバンク,pitcher,,,,,,,3.79,107.0,1.29
レイエス,Franmil Reyes,MLB,Dominican Republic,2024,日本ハム,hitter,外野手,,368,0.29,0.912,0.4115,,,
レイノルズ,Matt Reynolds,AAA,USA,2024,広島,hitter,内野手,,6,0.0,0.167,0.1211,,,
レイビン,Josh Ravin,MLB,USA,2019,ロッテ,pitcher,,,,,,,27.00,1.2,3.60
レグナルト,Kyle Regnault,AAA,USA,2019,広島,pitcher,,,,,,,3.34,59.1,1.47
レビーラ,Pedro Revilla,Cuba,Cuba,2022,中日,hitter,,,66,0.203,0.509,0.2319,,,
ロサリオ,Rainel Rosario,MiLB,Dominican Republic,2015,阪神,hitter,,,136,0.258,0.67,0.3146,,,
ロジャース,Jason Rogers,MLB,USA,2017,,hitter,,,140,0.252,0.759,0.3408,,,
ロドリゲス,Joely Rodríguez,AAA,Dominican Republic,2018,中日,pitcher,投手,,,,,,2.30,27.1,1.32
ロハス・ジュニア,Mel Rojas Jr.,KBO,Dominican Republic,2021,阪神,hitter,,,206,0.217,0.663,0.3016,,,
ロペス,Jose Lopez,MLB,Dominican Republic,2015,DeNA,hitter,投手,,565,0.291,0.843,0.3824,,,
ロマック,Jamie Romak,MLB,Canada,2016,,hitter,,,85,0.113,0.374,0.2016,,,
ロマン,Orlando Roman,CPBL,Puerto Rico,2015,,pitcher,,,,,,,2.40,78.2,1.28
ロメロ,Stefen Romero,MLB,USA,2017,オリックス,hitter,,,424,0.274,0.838,0.3727,,,
ロンドン,Jorge Rondón,MLB,Venezuela,2017,,pitcher,,,,,,,5.79,4.2,1.93
ローチ,Donn Roach,MLB,USA,2018,オリックス,pitcher,,,,,,,5.01,50.1,1.55
ローレンス,Casey Lawrence,MLB,USA,2019,広島,pitcher,,,,,,,10.80,5.0,1.60
ワカマツ,Luke Wakamatsu,AAA,USA,2021,中日,hitter,,,,,,,,,
ワグナー,Neil Wagner,MLB,USA,2018,西武,pitcher,,,,,,,4.22,32.0,1.63
ワゲスパック,Jacob Waguespack,MLB,USA,2022,オリックス,pitcher,,,,,,,2.97,72.2,1.27
松元ユウイチ,Yuichi Matsumoto,Independent,Brazil,2015,,hitter,,,51,0.17,0.428,0.2031,,,
菊地ハルン,Harun Kikuchi,Independent,Pakistan,2025,広島,pitcher,,,,,,,2.25,4.0,0.75
金伏ウーゴ,Hugo Kanabushi,Independent,Brazil,2015,,pitcher,,,,,,,36.00,1.0,5.00
Ａ．マルティネス,Ariel Martinez,Cuba,Cuba,2018,中日,hitter,,,,,,,,,
Ｂ．ロドリゲス,Bryan Rodriguez,AAA,Dominican Republic,2021,日本ハム,pitcher,,,,,,,2.74,46.0,1.30
ＤＪ．ジョンソン,DJ Johnson,MLB,USA,2020,楽天,pitcher,,,,,,,3.07,14.2,1.30
Ｅ．ラミレス,Emmanuel Ramirez,MLB,Dominican Republic,2025,西武,pitcher,,,,,,,1.01,26.2,1.05
Ｋ．ケラー,Kyle Keller,MLB,USA,2023,阪神,pitcher,,,,,,,1.71,26.1,1.44
Ｋ．ジョンソン,Kris Johnson,MLB,USA,2020,広島,pitcher,,,,,,,6.10,51.2,1.65
Ｒ．マルティネス,Raidel Martinez,Cuba,Cuba,2018,中日,pitcher,,,,,,,,,
Ｒ．ロドリゲス,Ronny Rodriguez,MLB,Dominican Republic,2021,日本ハム,hitter,,,125,0.197,0.642,0.2830,,,
