No.,選手名,守備,生年月日,年齢,年数,身長,体重,血液型,投打,出身地,年俸(推定),team
0,ゲラ,投手,1995/09/25,29歳,1年,183cm,86kg,不明,右左,パナマ,"14,700万円",阪神
0,木浪　聖也,内野手,1994/06/15,30歳,6年,179cm,83kg,O型,右左,青森,"7,100万円",阪神
1,森下　翔太,外野手,2000/08/14,24歳,2年,182cm,89kg,O型,右右,神奈川,"3,800万円",阪神
2,梅野　隆太郎,捕手,1991/06/17,33歳,11年,173cm,79kg,A型,右右,福岡,"16,000万円",阪神
3,大山　悠輔,内野手,1994/12/19,30歳,8年,181cm,94kg,O型,右右,茨城,"28,000万円",阪神
4,熊谷　敬宥,内野手,1995/11/10,29歳,7年,175cm,68kg,A型,右右,宮城,"1,750万円",阪神
5,近本　光司,外野手,1994/11/09,30歳,6年,171cm,69kg,B型,左左,兵庫,"32,000万円",阪神
7,ノイジー,外野手,1994/12/10,30歳,2年,183cm,100kg,不明,右右,アメリカ,"16,170万円",阪神
8,佐藤　輝明,内野手,1999/03/13,25歳,4年,187cm,96kg,B型,右左,兵庫,"15,000万円",阪神
12,坂本　誠志郎,捕手,1993/11/10,31歳,9年,176cm,80kg,O型,右右,兵庫,"7,000万円",阪神
13,岩崎　優,投手,1991/06/19,33歳,11年,185cm,91kg,B型,左左,静岡,"20,000万円",阪神
14,岩貞　祐太,投手,1991/09/05,33歳,11年,183cm,87kg,A型,左左,熊本,"10,000万円",阪神
15,西　純矢,投手,2001/09/13,23歳,5年,184cm,94kg,O型,右右,広島,"3,800万円",阪神
16,西　勇輝,投手,1990/11/10,34歳,16年,181cm,82kg,B型,右右,三重,"30,000万円",阪神
17,青柳　晃洋,投手,1993/12/11,31歳,9年,183cm,83kg,B型,右右,神奈川,"21,000万円",阪神
19,下村　海翔,投手,2002/03/27,22歳,1年,174cm,73kg,A型,右右,兵庫,"1,600万円",阪神
20,森木　大智,投手,2003/04/17,21歳,3年,184cm,93kg,O型,右右,高知,"1,100万円",阪神
21,秋山　拓巳,投手,1991/04/26,33歳,15年,188cm,101kg,A型,右左,香川,"4,400万円",阪神
25,渡邉　諒,内野手,1995/04/30,29歳,11年,178cm,82kg,B型,右右,茨城,"3,750万円",阪神
26,椎葉　剛,投手,2002/03/18,22歳,1年,182cm,92kg,A型,右右,大阪,"1,000万円",阪神
27,伊藤　将司,投手,1996/05/08,28歳,4年,178cm,87kg,AB型,左左,千葉,"16,000万円",阪神
28,鈴木　勇斗,投手,2000/03/17,24歳,3年,174cm,86kg,A型,左左,鹿児島,"1,000万円",阪神
29,髙橋　遥人,投手,1995/11/07,29歳,7年,181cm,79kg,A型,左左,静岡,"1,850万円",阪神
30,門別　啓人,投手,2004/07/10,20歳,2年,183cm,86kg,A型,左左,北海道,800万円,阪神
32,井上　広大,外野手,2001/08/12,23歳,5年,189cm,100kg,B型,右右,大阪,840万円,阪神
33,糸原　健斗,内野手,1992/11/11,32歳,8年,175cm,78kg,O型,右左,島根,"7,000万円",阪神
34,漆原　大晟,投手,1996/09/10,28歳,6年,182cm,85kg,B型,右左,新潟,"1,450万円",阪神
35,才木　浩人,投手,1998/11/07,26歳,8年,189cm,88kg,A型,右右,兵庫,"5,000万円",阪神
36,浜地　真澄,投手,1998/05/25,26歳,8年,185cm,88kg,O型,右右,福岡,"3,000万円",阪神
37,及川　雅貴,投手,2001/04/18,23歳,5年,184cm,81kg,O型,左左,千葉,"3,200万円",阪神
38,小幡　竜平,内野手,2000/09/21,24歳,6年,184cm,76kg,B型,右左,大分,"2,100万円",阪神
39,榮枝　裕貴,捕手,1998/05/16,26歳,4年,180cm,85kg,A型,右右,高知,800万円,阪神
40,井坪　陽生,外野手,2005/03/17,19歳,2年,177cm,88kg,A型,右右,東京,600万円,阪神
41,村上　頌樹,投手,1998/06/25,26歳,4年,175cm,82kg,A型,右左,兵庫,"6,700万円",阪神
43,髙濱　祐仁,外野手,1996/08/08,28歳,10年,185cm,88kg,B型,右右,佐賀,"1,500万円",阪神
44,戸井　零士,内野手,2005/01/18,19歳,2年,181cm,78kg,A型,右右,大阪,500万円,阪神
45,遠藤　成,内野手,2001/09/19,23歳,5年,178cm,85kg,A型,右左,秋田,500万円,阪神
46,島本　浩也,投手,1993/02/14,31歳,14年,176cm,71kg,B型,左左,奈良,"4,800万円",阪神
47,桐敷　拓馬,投手,1999/06/20,25歳,3年,179cm,94kg,O型,左左,埼玉,"3,300万円",阪神
48,茨木　秀俊,投手,2004/06/08,20歳,2年,182cm,87kg,A型,右右,北海道,500万円,阪神
49,大竹　耕太郎,投手,1995/06/29,29歳,7年,184cm,87kg,A型,左左,熊本,"6,700万円",阪神
50,富田　蓮,投手,2001/09/06,23歳,2年,174cm,76kg,B型,左左,岐阜,950万円,阪神
51,中野　拓夢,内野手,1996/06/28,28歳,4年,171cm,67kg,A型,右左,山形,"15,000万円",阪神
52,山田　脩也,内野手,2005/08/20,19歳,1年,177cm,71kg,A型,右右,宮城,600万円,阪神
53,島田　海吏,外野手,1996/02/06,28歳,7年,176cm,71kg,AB型,右左,熊本,"3,000万円",阪神
54,加治屋　蓮,投手,1991/11/25,33歳,11年,185cm,90kg,B型,右右,宮崎,"6,000万円",阪神
55,ミエセス,外野手,1995/07/13,29歳,2年,185cm,119kg,不明,右右,ドミニカ共和国,"7,350万円",阪神
56,百﨑　蒼生,内野手,2005/09/11,19歳,1年,178cm,77kg,B型,右右,熊本,500万円,阪神
57,長坂　拳弥,捕手,1994/04/28,30歳,8年,173cm,80kg,B型,右右,群馬,"1,200万円",阪神
58,前川　右京,外野手,2003/05/18,21歳,3年,176cm,83kg,O型,左左,三重,850万円,阪神
59,藤田　健斗,捕手,2001/10/18,23歳,5年,173cm,80kg,A型,右右,滋賀,500万円,阪神
60,小野寺　暖,外野手,1998/03/17,26歳,5年,183cm,83kg,A型,右右,奈良,"1,700万円",阪神
61,豊田　寛,外野手,1997/04/28,27歳,3年,178cm,88kg,B型,右右,神奈川,750万円,阪神
62,植田　海,内野手,1996/04/19,28歳,10年,175cm,69kg,O型,右両,滋賀,"1,800万円",阪神
63,石黒　佑弥,投手,2001/06/20,23歳,1年,180cm,83kg,O型,右右,愛知,750万円,阪神
64,岡留　英貴,投手,1999/11/07,25歳,3年,181cm,94kg,O型,右右,沖縄,840万円,阪神
65,湯浅　京己,投手,1999/07/17,25歳,6年,183cm,82kg,O型,右右,三重,"4,700万円",阪神
66,津田　淳哉,投手,2001/08/27,23歳,1年,178cm,83kg,O型,右右,奈良,720万円,阪神
67,髙寺　望夢,内野手,2002/10/17,22歳,4年,178cm,76kg,O型,右左,長野,600万円,阪神
68,中川　勇斗,捕手,2004/01/27,20歳,3年,172cm,75kg,O型,右右,愛知,520万円,阪神
69,石井　大智,投手,1997/07/29,27歳,4年,175cm,80kg,O型,右右,秋田,"4,000万円",阪神
92,川原　陸,投手,2000/12/12,24歳,6年,186cm,89kg,O型,左左,長崎,420万円,阪神
93,岩田　将貴,投手,1998/06/16,26歳,4年,178cm,75kg,B型,左左,福岡,440万円,阪神
94,原口　文仁,内野手,1992/03/03,32歳,15年,182cm,95kg,AB型,右右,埼玉,"3,100万円",阪神
95,片山　雄哉,捕手,1994/06/18,30歳,6年,177cm,84kg,B型,右左,愛知,450万円,阪神
97,野口　恭佑,外野手,2000/07/17,24歳,2年,180cm,86kg,A型,右右,長崎,420万円,阪神
98,佐藤　蓮,投手,1998/04/11,26歳,4年,189cm,103kg,A型,右右,静岡,500万円,阪神
99,ビーズリー,投手,1995/11/20,29歳,2年,191cm,109kg,不明,右右,アメリカ,"11,760万円",阪神
122,小川　一平,投手,1997/06/03,27歳,5年,183cm,85kg,A型,右右,神奈川,"1,000万円",阪神
123,松原　快,投手,1999/08/24,25歳,1年,180cm,88kg,O型,右右,富山,300万円,阪神
125,伊藤　稜,投手,1999/11/08,25歳,3年,178cm,79kg,B型,左左,愛知,300万円,阪神
126,福島　圭音,外野手,2001/10/06,23歳,1年,171cm,72kg,O型,右左,埼玉,300万円,阪神
131,ベタンセス,投手,1999/10/17,25歳,1年,183cm,102kg,不明,右右,ドミニカ共和国,300万円,阪神
132,マルティネス,投手,2000/01/10,24歳,1年,190cm,79kg,不明,右右,ドミニカ共和国,300万円,阪神
0,林　琢真,内野手,2000/08/24,24歳,2年,174cm,74kg,A型,右左,愛知,"1,450万円",DeNA
0,大田　泰示,外野手,1990/06/09,34歳,16年,188cm,96kg,O型,右右,広島,"5,000万円",DeNA
1,桑原　将志,外野手,1993/07/21,31歳,13年,174cm,80kg,B型,右右,大阪,"12,000万円",DeNA
2,牧　秀悟,内野手,1998/04/21,26歳,4年,178cm,97kg,O型,右右,長野,"23,000万円",DeNA
3,オースティン,外野手,1991/09/06,33歳,5年,188cm,100kg,不明,右右,アメリカ,"43,500万円",DeNA
4,度会　隆輝,外野手,2002/10/04,22歳,1年,183cm,83kg,A型,右左,千葉,"1,600万円",DeNA
5,松尾　汐恩,捕手,2004/07/06,20歳,2年,178cm,82kg,A型,右右,京都,"1,100万円",DeNA
6,森　敬斗,内野手,2002/01/28,22歳,5年,177cm,80kg,A型,右左,静岡,"1,600万円",DeNA
7,佐野　恵太,外野手,1994/11/28,30歳,8年,178cm,88kg,A型,右左,岡山,"15,500万円",DeNA
8,神里　和毅,外野手,1994/01/17,30歳,7年,179cm,86kg,A型,右左,沖縄,"3,800万円",DeNA
9,大和,内野手,1987/11/05,37歳,19年,177cm,77kg,A型,右右,鹿児島,"7,000万円",DeNA
10,戸柱　恭孝,捕手,1990/04/11,34歳,9年,179cm,90kg,A型,右左,鹿児島,"7,500万円",DeNA
11,東　克樹,投手,1995/11/29,29歳,7年,170cm,80kg,B型,左左,三重,"10,500万円",DeNA
13,伊勢　大夢,投手,1998/03/07,26歳,5年,183cm,94kg,A型,右右,熊本,"11,000万円",DeNA
14,石田　健大,投手,1993/03/01,31歳,10年,180cm,85kg,O型,左左,広島,"8,000万円",DeNA
15,徳山　壮磨,投手,1999/06/06,25歳,3年,183cm,87kg,O型,右右,兵庫,910万円,DeNA
16,大貫　晋一,投手,1994/02/03,30歳,6年,181cm,73kg,AB型,右右,神奈川,"7,700万円",DeNA
17,三嶋　一輝,投手,1990/05/07,34歳,12年,175cm,80kg,A型,右両,福岡,"12,000万円",DeNA
18,小園　健太,投手,2003/04/09,21歳,3年,185cm,90kg,O型,右右,大阪,910万円,DeNA
19,山﨑　康晃,投手,1992/10/02,32歳,10年,179cm,88kg,O型,右右,東京,"30,000万円",DeNA
20,坂本　裕哉,投手,1997/07/28,27歳,5年,180cm,87kg,O型,左左,福岡,"2,000万円",DeNA
22,入江　大生,投手,1998/08/26,26歳,4年,187cm,87kg,O型,右右,栃木,"4,400万円",DeNA
24,吉野　光樹,投手,1998/07/19,26歳,2年,176cm,80kg,O型,右右,熊本,"1,200万円",DeNA
25,筒香　嘉智,外野手,1991/11/26,33歳,11年,185cm,97kg,A型,右左,和歌山,"30,000万円",DeNA
26,濵口　遥大,投手,1995/03/16,29歳,8年,173cm,80kg,B型,左左,佐賀,"5,400万円",DeNA
27,上茶谷　大河,投手,1996/08/31,28歳,6年,182cm,83kg,B型,右右,京都,"5,100万円",DeNA
28,勝又　温史,外野手,2000/05/22,24歳,6年,180cm,83kg,不明,右左,東京,620万円,DeNA
29,伊藤　光,捕手,1989/04/23,35歳,17年,180cm,88kg,B型,右右,愛知,"6,500万円",DeNA
30,三浦　銀二,投手,1999/12/30,25歳,3年,175cm,80kg,A型,右右,福岡,740万円,DeNA
31,柴田　竜拓,内野手,1993/12/16,31歳,9年,167cm,68kg,O型,右左,岡山,"5,200万円",DeNA
32,益子　京右,捕手,2000/12/27,24歳,6年,176cm,86kg,A型,右右,栃木,560万円,DeNA
33,武田　陸玖,外野手,2005/06/06,19歳,1年,173cm,78kg,B型,左左,山形,560万円,DeNA
34,松本　凌人,投手,2001/12/05,23歳,1年,185cm,88kg,AB型,右右,大阪,"1,200万円",DeNA
35,橋本　達弥,投手,2000/07/18,24歳,2年,181cm,84kg,B型,右右,兵庫,780万円,DeNA
36,森下　瑠大,投手,2004/09/19,20歳,2年,180cm,75kg,A型,左左,京都,530万円,DeNA
37,楠本　泰史,外野手,1995/07/07,29歳,7年,180cm,85kg,A型,右左,大阪,"3,700万円",DeNA
38,森　唯斗,投手,1992/01/08,32歳,11年,175cm,91kg,A型,右右,徳島,"5,000万円",DeNA
39,西浦　直亨,内野手,1991/04/11,33歳,11年,178cm,82kg,B型,右右,奈良,"2,600万円",DeNA
40,松本　隆之介,投手,2002/07/31,22歳,4年,188cm,94kg,A型,左左,神奈川,560万円,DeNA
41,佐々木　千隼,投手,1994/06/08,30歳,8年,181cm,83kg,O型,右右,東京,"3,000万円",DeNA
42,ジャクソン,投手,1996/05/01,28歳,1年,190cm,95kg,不明,右右,アメリカ,"14,500万円",DeNA
43,深沢　鳳介,投手,2003/11/05,21歳,3年,177cm,74kg,A型,右右,東京,500万円,DeNA
44,石上　泰輝,内野手,2001/05/18,23歳,1年,172cm,85kg,A型,右左,徳島,850万円,DeNA
45,森原　康平,投手,1991/12/26,33歳,8年,185cm,88kg,AB型,右左,広島,"5,700万円",DeNA
46,石川　達也,投手,1998/04/15,26歳,4年,178cm,75kg,A型,左右,神奈川,"1,600万円",DeNA
48,京山　将弥,投手,1998/07/04,26歳,8年,182cm,77kg,B型,右右,滋賀,"2,050万円",DeNA
49,ウェンデルケン,投手,1993/03/24,31歳,2年,185cm,109kg,不明,右右,アメリカ,"17,500万円",DeNA
50,山本　祐大,捕手,1998/09/11,26歳,7年,180cm,87kg,A型,右右,大阪,"2,300万円",DeNA
51,宮﨑　敏郎,内野手,1988/12/12,36歳,12年,172cm,85kg,B型,右右,佐賀,"20,000万円",DeNA
53,中川　颯,投手,1998/10/10,26歳,4年,184cm,80kg,A型,右左,神奈川,650万円,DeNA
54,石田　裕太郎,投手,2002/01/22,22歳,1年,180cm,74kg,A型,右右,神奈川,780万円,DeNA
55,井上　絢登,内野手,2000/02/23,24歳,1年,178cm,83kg,O型,右左,福岡,780万円,DeNA
56,髙田　琢登,投手,2002/09/18,22歳,4年,178cm,80kg,O型,左左,静岡,510万円,DeNA
57,東妻　純平,捕手,2001/07/03,23歳,5年,174cm,83kg,AB型,右右,和歌山,600万円,DeNA
58,梶原　昂希,外野手,1999/09/19,25歳,3年,189cm,85kg,A型,右左,大分,750万円,DeNA
59,平良　拳太郎,投手,1995/07/12,29歳,11年,180cm,80kg,O型,右右,沖縄,"2,600万円",DeNA
60,知野　直人,内野手,1999/02/16,25歳,6年,182cm,85kg,A型,右右,新潟,"1,100万円",DeNA
61,蝦名　達夫,外野手,1997/09/20,27歳,5年,185cm,88kg,B型,右右,青森,"1,750万円",DeNA
62,ウィック,投手,1992/11/09,32歳,1年,190cm,106kg,不明,右左,カナダ,"11,600万円",DeNA
63,関根　大気,外野手,1995/06/28,29歳,11年,173cm,78kg,A型,左左,愛知,"6,100万円",DeNA
64,中川　虎大,投手,1999/10/02,25歳,7年,178cm,85kg,B型,右右,和歌山,760万円,DeNA
65,宮城　滝太,投手,2000/07/15,24歳,6年,181cm,80kg,A型,右右,沖縄,740万円,DeNA
66,上甲　凌大,捕手,2001/01/29,23歳,2年,184cm,90kg,AB型,右左,愛媛,440万円,DeNA
67,西巻　賢二,内野手,1999/04/22,25歳,7年,167cm,70kg,A型,右右,福島,570万円,DeNA
69,ケイ,投手,1995/03/21,29歳,1年,183cm,102kg,不明,左左,アメリカ,"11,600万円",DeNA
92,堀岡　隼人,投手,1998/09/11,26歳,8年,183cm,87kg,O型,右右,神奈川,670万円,DeNA
93,ディアス,投手,1999/06/10,25歳,5年,191cm,93kg,不明,左左,ベネズエラ,650万円,DeNA
98,京田　陽太,内野手,1994/04/20,30歳,8年,184cm,90kg,O型,右左,石川,"5,000万円",DeNA
99,フォード,内野手,1992/07/04,32歳,1年,183cm,102kg,不明,右左,アメリカ,"8,000万円",DeNA
100,蓮,内野手,2004/07/18,20歳,2年,183cm,86kg,B型,右右,大阪,340万円,DeNA
101,草野　陽斗,投手,2004/06/07,20歳,2年,175cm,87kg,A型,右右,福島,340万円,DeNA
102,清水　麻成,投手,2005/10/06,19歳,1年,186cm,75kg,O型,右右,群馬,340万円,DeNA
103,村川　凪,外野手,1998/06/26,26歳,3年,174cm,65kg,AB型,右左,広島,340万円,DeNA
105,モロン,投手,2000/12/28,24歳,1年,183cm,79kg,不明,右右,ドミニカ共和国,336万円,DeNA
106,渡辺　明貴,投手,2000/01/29,24歳,2年,188cm,105kg,O型,右右,山梨,340万円,DeNA
107,マルセリーノ,投手,2002/06/16,22歳,3年,191cm,82kg,不明,右右,ドミニカ共和国,350万円,DeNA
108,今野　瑠斗,投手,2004/07/13,20歳,2年,182cm,93kg,A型,右右,東京,340万円,DeNA
110,マルティネス,投手,2002/12/30,22歳,1年,198cm,97kg,不明,右右,ドミニカ共和国,336万円,DeNA
116,九鬼　隆平,捕手,1998/09/05,26歳,8年,180cm,76kg,A型,右右,大阪,650万円,DeNA
122,庄司　陽斗,投手,2001/05/31,23歳,1年,184cm,91kg,O型,左左,宮城,340万円,DeNA
125,小笠原　蒼,内野手,2005/10/20,19歳,1年,180cm,92kg,A型,右左,愛知,340万円,DeNA
130,近藤　大雅,捕手,2005/09/18,19歳,1年,174cm,80kg,AB型,右右,兵庫,340万円,DeNA
133,粟飯原　龍之介,内野手,2004/02/22,20歳,3年,180cm,85kg,B型,右左,千葉,610万円,DeNA
144,小深田　大地,内野手,2003/03/25,21歳,4年,176cm,93kg,O型,右左,兵庫,560万円,DeNA
193,高見澤　郁魅,内野手,2006/01/18,18歳,1年,183cm,85kg,A型,右左,埼玉,340万円,DeNA
0,湯浅　大,内野手,2000/01/24,24歳,7年,172cm,73kg,A型,右右,群馬,"1,300万円",巨人
0,増田　大輝,内野手,1993/07/29,31歳,9年,172cm,68kg,A型,右右,徳島,"2,150万円",巨人
1,加藤　廉,内野手,1999/01/12,25歳,4年,181cm,84kg,O型,右左,静岡,420万円,巨人
2,吉川　尚輝,内野手,1995/02/08,29歳,8年,177cm,78kg,A型,右左,岐阜,"9,000万円",巨人
3,鈴木　大和,外野手,1999/04/27,25歳,3年,173cm,73kg,O型,右右,北海道,420万円,巨人
4,村山　源,内野手,2005/06/27,19歳,1年,179cm,63kg,O型,右右,鹿児島,360万円,巨人
5,門脇　誠,内野手,2001/01/24,23歳,2年,171cm,76kg,A型,右左,奈良,"3,100万円",巨人
5,田上　優弥,内野手,2005/06/08,19歳,1年,181cm,82kg,O型,右右,神奈川,360万円,巨人
6,坂本　勇人,内野手,1988/12/14,36歳,18年,186cm,86kg,AB型,右右,兵庫,"60,000万円",巨人
6,坂本　勇人,捕手,2002/04/15,22歳,4年,177cm,84kg,A型,右右,佐賀,370万円,巨人
7,宇都宮　葵星,内野手,2004/06/23,20歳,1年,176cm,66kg,A型,右左,愛媛,400万円,巨人
7,長野　久義,外野手,1984/12/06,40歳,15年,180cm,85kg,O型,右右,佐賀,"4,000万円",巨人
8,丸　佳浩,外野手,1989/04/11,35歳,17年,177cm,94kg,AB型,右左,千葉,"28,000万円",巨人
8,相澤　白虎,内野手,2004/05/28,20歳,2年,178cm,82kg,A型,右右,埼玉,380万円,巨人
9,笹原　操希,外野手,2004/02/09,20歳,3年,180cm,76kg,O型,右右,長野,390万円,巨人
10,大津　綾也,捕手,2003/05/28,21歳,3年,174cm,72kg,AB型,右右,北海道,380万円,巨人
11,笠島　尚樹,投手,2002/12/07,22歳,4年,178cm,82kg,B型,右右,福井,390万円,巨人
12,三浦　克也,投手,2001/04/28,23歳,1年,179cm,80kg,A型,左左,富山,400万円,巨人
12,萩尾　匡也,外野手,2000/12/28,24歳,2年,180cm,85kg,B型,右右,熊本,"1,200万円",巨人
13,ティマ,外野手,2004/09/25,20歳,4年,193cm,86kg,不明,右右,ドミニカ共和国,500万円,巨人
13,梶谷　隆幸,外野手,1988/08/28,36歳,18年,180cm,90kg,A型,右左,島根,"20,000万円",巨人
15,川嵜　陽仁,投手,2003/11/01,21歳,3年,177cm,80kg,A型,右右,愛知,390万円,巨人
15,大勢,投手,1999/06/29,25歳,3年,183cm,90kg,O型,右右,兵庫,"5,600万円",巨人
16,千葉　隆広,投手,2005/05/15,19歳,1年,175cm,77kg,AB型,左左,北海道,360万円,巨人
17,西舘　勇陽,投手,2002/03/11,22歳,1年,185cm,79kg,A型,右右,岩手,"1,600万円",巨人
18,菅野　智之,投手,1989/10/11,35歳,12年,186cm,95kg,A型,右右,神奈川,"40,000万円",巨人
19,山﨑　伊織,投手,1998/10/10,26歳,4年,181cm,81kg,B型,右左,兵庫,"5,100万円",巨人
19,園田　純規,投手,2005/07/07,19歳,1年,183cm,72kg,A型,右右,福岡,360万円,巨人
20,戸郷　翔征,投手,2000/04/04,24歳,6年,187cm,84kg,AB型,右右,宮崎,"18,000万円",巨人
20,戸田　懐生,投手,2000/07/22,24歳,4年,170cm,73kg,A型,右右,愛知,700万円,巨人
21,小沼　健太,投手,1998/06/11,26歳,4年,189cm,86kg,A型,右右,千葉,720万円,巨人
22,亀田　啓太,捕手,1999/04/09,25歳,3年,183cm,94kg,O型,右右,神奈川,410万円,巨人
22,小林　誠司,捕手,1989/06/07,35歳,11年,178cm,86kg,O型,右右,大阪,"3,000万円",巨人
23,田村　朋輝,投手,2004/04/06,20歳,2年,184cm,81kg,A型,右右,東京,380万円,巨人
23,オドーア,外野手,1994/02/03,30歳,1年,180cm,90kg,不明,右左,ベネズエラ,"20,000万円",巨人
23,立岡　宗一郎,外野手,1990/05/18,34歳,16年,181cm,82kg,A型,右左,熊本,"2,200万円",巨人
24,大城　卓三,捕手,1993/02/11,31歳,7年,187cm,90kg,B型,右左,沖縄,"13,000万円",巨人
24,前田　研輝,捕手,1998/12/13,26歳,4年,180cm,90kg,B型,右左,広島,400万円,巨人
25,岡本　和真,内野手,1996/06/30,28歳,10年,186cm,100kg,A型,右右,奈良,"42,000万円",巨人
25,岡本　大翔,内野手,2002/09/12,22歳,4年,190cm,94kg,A型,右右,鳥取,390万円,巨人
26,今村　信貴,投手,1994/03/15,30歳,13年,180cm,90kg,AB型,左左,大阪,"4,200万円",巨人
26,吉村　優聖歩,投手,2004/12/08,20歳,2年,181cm,73kg,B型,左左,熊本,380万円,巨人
27,北村　流音,内野手,2005/02/20,19歳,2年,174cm,78kg,O型,右右,群馬,380万円,巨人
27,岸田　行倫,捕手,1996/10/10,28歳,7年,176cm,88kg,A型,右右,兵庫,"2,150万円",巨人
28,高橋　礼,投手,1995/11/02,29歳,7年,187cm,90kg,O型,右右,千葉,"4,300万円",巨人
28,富田　龍,投手,1999/11/11,25歳,3年,179cm,78kg,O型,左左,香川,430万円,巨人
29,グリフィン,投手,1995/07/27,29歳,2年,190cm,102kg,不明,左左,アメリカ,"20,000万円",巨人
30,山﨑　友輔,投手,1998/05/02,26歳,4年,178cm,80kg,A型,右右,岡山,430万円,巨人
30,近藤　大亮,投手,1991/05/29,33歳,9年,177cm,80kg,O型,右右,大阪,"4,200万円",巨人
31,三塚　琉生,外野手,2004/05/10,20歳,2年,182cm,91kg,AB型,左左,東京,370万円,巨人
31,赤星　優志,投手,1999/07/02,25歳,3年,175cm,82kg,B型,右右,東京,"3,000万円",巨人
32,鈴木　康平,投手,1994/01/21,30歳,7年,186cm,92kg,A型,右右,千葉,"2,750万円",巨人
33,平山　功太,外野手,2004/03/16,20歳,1年,185cm,82kg,AB型,右右,広島,400万円,巨人
33,ケラー,投手,1993/04/28,31歳,3年,193cm,92kg,不明,右右,アメリカ,"12,000万円",巨人
34,森本　哲星,投手,2004/09/03,20歳,2年,175cm,73kg,B型,左左,鳥取,380万円,巨人
35,ルシアーノ,投手,2000/02/15,24歳,2年,190cm,95kg,不明,右右,ドミニカ共和国,"1,000万円",巨人
35,泉口　友汰,内野手,1999/05/17,25歳,1年,178cm,80kg,O型,右左,和歌山,"1,000万円",巨人
36,馬場　皐輔,投手,1995/05/18,29歳,7年,180cm,97kg,O型,右右,宮城,"3,500万円",巨人
37,郡　拓也,捕手,1998/04/25,26歳,8年,179cm,88kg,B型,右右,東京,880万円,巨人
38,岡田　悠希,外野手,2000/01/19,24歳,3年,183cm,84kg,O型,右左,広島,900万円,巨人
39,モンテス,内野手,1996/10/07,28歳,1年,183cm,90kg,不明,右右,アメリカ,-,巨人
40,中山　礼都,内野手,2002/04/12,22歳,4年,182cm,82kg,A型,右左,愛知,"2,260万円",巨人
41,黄　錦豪,投手,2005/12/04,19歳,1年,184cm,77kg,不明,左左,台湾,-,巨人
41,中川　皓太,投手,1994/02/24,30歳,9年,183cm,86kg,A型,左左,大阪,"10,000万円",巨人
42,ヘルナンデス,外野手,1994/11/21,30歳,1年,185cm,89kg,不明,右右,ドミニカ共和国,"5,000万円",巨人
43,重信　慎之介,外野手,1993/04/17,31歳,9年,173cm,74kg,A型,右左,千葉,"3,300万円",巨人
44,佐々木　俊輔,外野手,1999/11/06,25歳,1年,174cm,80kg,A型,右左,東京,"1,200万円",巨人
44,大城　元,外野手,2004/07/12,20歳,2年,180cm,78kg,A型,右右,沖縄,380万円,巨人
45,畠　世周,投手,1994/05/31,30歳,8年,186cm,82kg,AB型,右左,広島,"2,500万円",巨人
46,又木　鉄平,投手,1999/02/12,25歳,1年,182cm,92kg,A型,左左,山梨,"1,000万円",巨人
47,鴨打　瑛二,投手,2004/02/29,20歳,3年,195cm,90kg,O型,左左,佐賀,380万円,巨人
47,森田　駿哉,投手,1997/02/11,27歳,1年,185cm,88kg,B型,左左,富山,"1,500万円",巨人
48,田中　千晴,投手,2000/09/21,24歳,2年,189cm,85kg,O型,右右,大阪,"1,900万円",巨人
49,バルドナード,投手,1993/02/01,31歳,2年,196cm,122kg,不明,左左,パナマ,"9,000万円",巨人
50,オコエ　瑠偉,外野手,1997/07/21,27歳,9年,185cm,90kg,O型,右右,東京,"1,200万円",巨人
51,舟越　秀虎,外野手,2001/08/23,23歳,5年,182cm,71kg,O型,右両,福岡,360万円,巨人
51,浅野　翔吾,外野手,2004/11/24,20歳,2年,171cm,86kg,A型,右右,香川,"1,230万円",巨人
52,伊藤　優輔,投手,1997/01/14,27歳,4年,178cm,82kg,O型,右右,東京,700万円,巨人
53,高梨　雄平,投手,1992/07/13,32歳,8年,175cm,86kg,O型,左左,埼玉,"12,000万円",巨人
54,直江　大輔,投手,2000/06/20,24歳,6年,185cm,87kg,A型,右右,長野,"1,350万円",巨人
55,秋広　優人,内野手,2002/09/17,22歳,4年,200cm,100kg,A型,右左,千葉,"3,250万円",巨人
56,石田　隼都,投手,2003/04/05,21歳,3年,183cm,85kg,A型,左左,栃木,610万円,巨人
57,ラモス,投手,1997/10/10,27歳,2年,196cm,100kg,不明,右右,ドミニカ共和国,800万円,巨人
57,髙橋　優貴,投手,1997/02/01,27歳,6年,178cm,82kg,B型,左左,茨城,"2,300万円",巨人
58,船迫　大雅,投手,1996/10/16,28歳,2年,174cm,77kg,B型,右左,宮城,"2,300万円",巨人
59,若林　楽人,外野手,1998/04/13,26歳,4年,177cm,75kg,B型,右右,北海道,"1,220万円",巨人
60,菊田　拡和,内野手,2001/07/23,23歳,5年,182cm,94kg,B型,右右,茨城,640万円,巨人
61,増田　陸,内野手,2000/06/17,24歳,6年,179cm,88kg,A型,右右,大阪,"1,450万円",巨人
62,横川　凱,投手,2000/08/30,24歳,6年,190cm,98kg,B型,左左,滋賀,"1,700万円",巨人
63,泉　圭輔,投手,1997/03/02,27歳,6年,188cm,80kg,A型,右右,石川,"2,700万円",巨人
63,花田　侑樹,投手,2003/06/25,21歳,3年,181cm,74kg,AB型,右左,広島,450万円,巨人
64,大江　竜聖,投手,1999/01/15,25歳,8年,173cm,82kg,A型,左左,神奈川,"2,800万円",巨人
65,メンデス,投手,1995/01/17,29歳,2年,196cm,104kg,不明,左左,ベネズエラ,"10,000万円",巨人
66,平内　龍太,投手,1998/08/01,26歳,4年,185cm,99kg,A型,右右,兵庫,"2,300万円",巨人
67,山瀬　慎之助,捕手,2001/05/04,23歳,5年,177cm,89kg,B型,右右,石川,670万円,巨人
68,代木　大和,投手,2003/09/08,21歳,3年,184cm,92kg,O型,左左,愛媛,730万円,巨人
69,萩原　哲,捕手,1998/05/01,26歳,4年,175cm,85kg,AB型,右左,京都,620万円,巨人
90,山田　龍聖,投手,2000/09/07,24歳,3年,183cm,82kg,B型,左左,富山,"1,000万円",巨人
91,堀田　賢慎,投手,2001/05/21,23歳,5年,186cm,88kg,O型,右右,岩手,630万円,巨人
93,松井　颯,投手,2000/09/14,24歳,2年,178cm,83kg,A型,右右,東京,660万円,巨人
94,喜多　隆介,捕手,1998/08/25,26歳,4年,179cm,83kg,A型,右右,石川,630万円,巨人
95,中田　歩夢,内野手,2004/06/27,20歳,2年,172cm,77kg,A型,右右,青森,380万円,巨人
96,菊地　大稀,投手,1999/06/02,25歳,3年,186cm,89kg,O型,右左,新潟,"3,000万円",巨人
97,井上　温大,投手,2001/05/13,23歳,5年,175cm,78kg,B型,左左,群馬,670万円,巨人
98,ウレーニャ,内野手,1999/05/27,25歳,5年,183cm,79kg,不明,右右,ドミニカ共和国,650万円,巨人
99,京本　眞,投手,2004/02/06,20歳,3年,189cm,80kg,A型,右右,大阪,420万円,巨人
0,尾田　剛樹,外野手,2000/08/03,24歳,1年,175cm,74kg,A型,左左,兵庫,300万円,中日
1,岡林　勇希,外野手,2002/02/22,22歳,5年,175cm,75kg,O型,右左,三重,"7,300万円",中日
2,田中　幹也,内野手,2000/11/28,24歳,2年,166cm,68kg,O型,右右,神奈川,655万円,中日
3,高橋　周平,内野手,1994/01/18,30歳,13年,180cm,90kg,O型,右左,神奈川,"6,750万円",中日
4,鵜飼　航丞,外野手,1999/05/30,25歳,3年,182cm,100kg,O型,右右,愛知,"1,350万円",中日
5,村松　開人,内野手,2001/01/06,23歳,2年,171cm,80kg,B型,右左,静岡,"1,700万円",中日
6,中田　翔,内野手,1989/04/22,35歳,17年,184cm,107kg,O型,右右,広島,"30,000万円",中日
7,根尾　昂,投手,2000/04/19,24歳,6年,177cm,84kg,O型,右左,岐阜,"1,600万円",中日
8,大島　洋平,外野手,1985/11/09,39歳,15年,176cm,75kg,A型,左左,愛知,"25,000万円",中日
9,中島　宏之,内野手,1982/07/31,42歳,22年,180cm,90kg,A型,右右,兵庫,"2,000万円",中日
11,小笠原　慎之介,投手,1997/10/08,27歳,9年,180cm,93kg,A型,左左,神奈川,"9,300万円",中日
12,田島　慎二,投手,1989/12/21,35歳,13年,181cm,87kg,B型,右右,愛知,"3,500万円",中日
13,橋本　侑樹,投手,1998/01/08,26歳,5年,180cm,75kg,A型,左左,福井,"1,200万円",中日
14,草加　勝,投手,2001/11/21,23歳,1年,182cm,75kg,A型,右右,岡山,"1,600万円",中日
16,岩嵜　翔,投手,1989/10/21,35歳,17年,189cm,90kg,O型,右右,千葉,"2,800万円",中日
17,柳　裕也,投手,1994/04/22,30歳,8年,180cm,85kg,A型,右右,宮崎,"14,800万円",中日
18,梅津　晃大,投手,1996/10/24,28歳,6年,187cm,95kg,B型,右右,宮城,"1,000万円",中日
19,髙橋　宏斗,投手,2002/08/09,22歳,4年,186cm,86kg,AB型,右右,愛知,"6,300万円",中日
20,涌井　秀章,投手,1986/06/21,38歳,20年,185cm,85kg,A型,右右,千葉,"10,000万円",中日
22,大野　雄大,投手,1988/09/26,36歳,14年,184cm,85kg,O型,左左,京都,"30,000万円",中日
24,福谷　浩司,投手,1991/01/09,33歳,12年,183cm,93kg,B型,右右,愛知,"2,000万円",中日
25,石川　昂弥,内野手,2001/06/22,23歳,5年,186cm,100kg,O型,右右,愛知,"3,000万円",中日
26,石森　大誠,投手,1997/12/03,27歳,3年,178cm,83kg,O型,左左,石川,780万円,中日
27,津田　啓史,内野手,2002/11/23,22歳,1年,181cm,88kg,O型,右右,熊本,"1,200万円",中日
28,森　博人,投手,1998/05/25,26歳,4年,177cm,84kg,O型,右右,愛知,"1,150万円",中日
29,辻本　倫太郎,内野手,2001/08/11,23歳,1年,168cm,73kg,A型,右右,北海道,900万円,中日
30,三好　大倫,外野手,1997/09/28,27歳,4年,179cm,83kg,O型,左左,香川,860万円,中日
31,仲地　礼亜,投手,2001/02/15,23歳,2年,177cm,83kg,O型,右右,沖縄,"1,500万円",中日
32,石垣　雅海,内野手,1998/09/21,26歳,8年,181cm,88kg,B型,右右,山形,950万円,中日
33,祖父江　大輔,投手,1987/08/11,37歳,11年,175cm,75kg,B型,右左,愛知,"10,000万円",中日
34,福　敬登,投手,1992/06/16,32歳,9年,181cm,98kg,O型,左左,兵庫,"4,300万円",中日
35,木下　拓哉,捕手,1991/12/18,33歳,9年,183cm,95kg,B型,右右,高知,"6,800万円",中日
36,福田　幸之介,投手,2005/08/11,19歳,1年,181cm,84kg,A型,左左,大阪,600万円,中日
37,濱　将乃介,外野手,2000/05/03,24歳,2年,181cm,81kg,O型,右左,大阪,673万円,中日
38,松葉　貴大,投手,1990/08/14,34歳,12年,179cm,82kg,B型,左左,兵庫,"5,000万円",中日
39,宇佐見　真吾,捕手,1993/06/04,31歳,9年,181cm,88kg,O型,右左,千葉,"4,100万円",中日
41,勝野　昌慶,投手,1997/06/12,27歳,6年,181cm,89kg,O型,右右,岐阜,"4,000万円",中日
42,ブライト　健太,外野手,1999/05/07,25歳,3年,184cm,88kg,A型,右右,東京,"1,350万円",中日
43,味谷　大誠,捕手,2003/06/14,21歳,3年,180cm,85kg,A型,右左,大阪,640万円,中日
44,川越　誠司,外野手,1993/06/30,31歳,9年,174cm,80kg,A型,左左,北海道,"1,375万円",中日
45,龍空,内野手,2002/12/30,22歳,4年,180cm,77kg,A型,右左,滋賀,"1,900万円",中日
46,梅野　雄吾,投手,1999/01/13,25歳,8年,175cm,84kg,A型,右右,福岡,"2,800万円",中日
47,砂田　毅樹,投手,1995/07/20,29歳,11年,180cm,80kg,B型,左左,北海道,"3,800万円",中日
48,土生　翔太,投手,2001/03/10,23歳,1年,180cm,93kg,A型,右右,神奈川,720万円,中日
49,加藤　匠馬,捕手,1992/04/29,32歳,10年,175cm,83kg,B型,右右,三重,"1,500万円",中日
50,清水　達也,投手,1999/11/03,25歳,7年,184cm,90kg,AB型,右右,埼玉,"5,000万円",中日
51,上林　誠知,外野手,1995/08/01,29歳,11年,185cm,90kg,O型,右左,埼玉,"2,000万円",中日
52,加藤　翔平,外野手,1991/03/28,33歳,12年,183cm,90kg,AB型,右両,埼玉,"2,300万円",中日
53,後藤　駿太,外野手,1993/03/05,31歳,14年,180cm,85kg,A型,右左,群馬,"2,100万円",中日
54,藤嶋　健人,投手,1998/05/08,26歳,8年,177cm,85kg,O型,右右,愛知,"7,000万円",中日
55,細川　成也,外野手,1998/08/04,26歳,8年,179cm,98kg,AB型,右右,神奈川,"4,500万円",中日
57,山浅　龍之介,捕手,2004/04/21,20歳,2年,175cm,82kg,B型,右左,秋田,610万円,中日
58,石橋　康太,捕手,2000/12/07,24歳,6年,181cm,94kg,A型,右右,千葉,"1,250万円",中日
59,齋藤　綱記,投手,1996/12/18,28歳,10年,182cm,91kg,O型,左左,北海道,"2,300万円",中日
60,山本　泰寛,内野手,1993/10/10,31歳,9年,176cm,76kg,B型,右右,東京,"1,600万円",中日
63,板山　祐太郎,外野手,1994/03/27,30歳,9年,180cm,88kg,B型,右左,神奈川,850万円,中日
64,福島　章太,投手,2002/10/24,22歳,4年,177cm,92kg,AB型,左左,岡山,575万円,中日
66,ビシエド,内野手,1989/03/10,35歳,9年,185cm,108kg,不明,右右,キューバ,"35,000万円",中日
67,上田　洸太朗,投手,2002/09/06,22歳,4年,184cm,91kg,O型,左左,富山,857万円,中日
68,福永　裕基,内野手,1996/09/16,28歳,2年,180cm,85kg,AB型,右右,滋賀,"1,440万円",中日
69,松木平　優太,投手,2003/02/24,21歳,4年,178cm,78kg,O型,右右,大阪,339万円,中日
90,松山　晋也,投手,2000/06/23,24歳,2年,188cm,92kg,O型,右右,青森,"1,750万円",中日
91,メヒア,投手,1997/03/03,27歳,2年,193cm,104kg,不明,右右,パナマ,"10,000万円",中日
92,マルティネス,投手,1996/10/11,28歳,8年,193cm,93kg,不明,右左,キューバ,"20,000万円",中日
93,フェリス,投手,1993/06/28,31歳,2年,195cm,111kg,不明,右右,ドミニカ共和国,"10,000万円",中日
94,ディカーソン,外野手,1990/05/26,34歳,1年,190cm,104kg,不明,左左,アメリカ,"7,000万円",中日
95,ロドリゲス,内野手,2002/03/31,22歳,1年,184cm,74kg,不明,右右,キューバ,"1,000万円",中日
96,加藤　竜馬,投手,1999/05/13,25歳,1年,185cm,100kg,A型,右両,岡山,720万円,中日
97,樋口　正修,内野手,1998/11/17,26歳,2年,177cm,75kg,A型,右左,埼玉,476万円,中日
99,カリステ,内野手,1992/02/03,32歳,2年,184cm,87kg,不明,右右,ドミニカ共和国,"5,000万円",中日
201,竹内　龍臣,投手,2001/12/11,23歳,5年,180cm,85kg,A型,右右,北海道,491万円,中日
202,アルバレス,投手,1999/01/16,25歳,3年,192cm,92kg,不明,右右,キューバ,"1,000万円",中日
204,加藤　翼,投手,2002/12/14,22歳,4年,179cm,80kg,A型,右右,岐阜,515万円,中日
205,垣越　建伸,投手,2000/04/03,24歳,6年,185cm,100kg,B型,左左,岐阜,514万円,中日
207,星野　真生,内野手,2003/12/01,21歳,3年,176cm,78kg,B型,右右,愛知,540万円,中日
208,石川　翔,投手,1999/12/14,25歳,7年,180cm,89kg,B型,右左,東京,501万円,中日
209,福元　悠真,外野手,1999/12/01,25歳,3年,180cm,85kg,O型,右右,奈良,670万円,中日
210,岡田　俊哉,投手,1991/12/05,33歳,15年,178cm,69kg,A型,左左,和歌山,"1,000万円",中日
212,野中　天翔,投手,2005/02/05,19歳,2年,180cm,83kg,O型,左左,和歌山,300万円,中日
213,森山　暁生,投手,2005/01/11,19歳,2年,183cm,84kg,O型,左左,徳島,600万円,中日
214,近藤　廉,投手,1998/09/22,26歳,4年,180cm,87kg,A型,左左,東京,490万円,中日
215,日渡　騰輝,捕手,2004/09/20,20歳,1年,173cm,89kg,O型,右左,茨城,300万円,中日
216,菊田　翔友,投手,2003/09/25,21歳,1年,182cm,88kg,AB型,右右,愛知,300万円,中日
218,川上　理偉,内野手,2001/03/10,23歳,1年,178cm,85kg,AB型,右右,大分,300万円,中日
220,モニエル,外野手,2001/04/17,23歳,1年,190cm,106kg,不明,右右,キューバ,"1,000万円",中日
0,上本　崇司,内野手,1990/08/22,34歳,12年,170cm,76kg,A型,右右,広島,"4,100万円",広島
0,曽根　海成,内野手,1995/04/24,29歳,11年,175cm,73kg,A型,右左,大阪,"1,400万円",広島
2,田中　広輔,内野手,1989/07/03,35歳,11年,171cm,85kg,A型,右左,神奈川,"5,000万円",広島
7,堂林　翔太,内野手,1991/08/17,33歳,15年,184cm,96kg,A型,右右,愛知,"6,400万円",広島
9,秋山　翔吾,外野手,1988/04/16,36歳,12年,184cm,86kg,A型,右左,神奈川,"15,000万円",広島
10,レイノルズ,内野手,1990/12/03,34歳,1年,185cm,95kg,不明,右右,アメリカ,"8,250万円",広島
11,九里　亜蓮,投手,1991/09/01,33歳,11年,188cm,97kg,A型,右右,鳥取,"14,000万円",広島
12,大道　温貴,投手,1999/01/20,25歳,4年,180cm,88kg,O型,右右,埼玉,"3,000万円",広島
13,森浦　大輔,投手,1998/06/15,26歳,4年,175cm,72kg,O型,左左,和歌山,"3,500万円",広島
14,大瀬良　大地,投手,1991/06/17,33歳,11年,188cm,94kg,AB型,右右,長崎,"18,000万円",広島
16,森　翔平,投手,1998/01/01,26歳,3年,177cm,82kg,O型,左左,鳥取,"1,800万円",広島
17,常廣　羽也斗,投手,2001/09/18,23歳,1年,180cm,77kg,O型,右右,大分,"1,600万円",広島
18,森下　暢仁,投手,1997/08/25,27歳,5年,180cm,81kg,O型,右右,大分,"13,000万円",広島
19,野村　祐輔,投手,1989/06/24,35歳,13年,177cm,85kg,AB型,右右,岡山,"4,450万円",広島
20,栗林　良吏,投手,1996/07/09,28歳,4年,177cm,87kg,A型,右右,愛知,"11,500万円",広島
21,中﨑　翔太,投手,1992/08/10,32歳,14年,187cm,100kg,B型,右右,鹿児島,"5,500万円",広島
22,髙　太一,投手,2001/07/26,23歳,1年,179cm,83kg,O型,左左,愛媛,"1,200万円",広島
24,黒原　拓未,投手,1999/11/29,25歳,3年,173cm,78kg,A型,左左,和歌山,"1,400万円",広島
26,益田　武尚,投手,1998/10/06,26歳,2年,174cm,88kg,O型,右右,福岡,"1,200万円",広島
27,會澤　翼,捕手,1988/04/13,36歳,18年,175cm,95kg,B型,右右,茨城,"11,000万円",広島
28,床田　寛樹,投手,1995/03/01,29歳,8年,181cm,94kg,A型,左左,兵庫,"10,000万円",広島
29,ケムナ　誠,投手,1995/06/05,29歳,7年,190cm,96kg,B型,右右,アメリカ,"2,700万円",広島
30,滝田　一希,投手,2001/12/28,23歳,1年,183cm,83kg,A型,左左,北海道,"1,000万円",広島
31,坂倉　将吾,捕手,1998/05/29,26歳,8年,177cm,89kg,A型,右左,千葉,"12,500万円",広島
32,石原　貴規,捕手,1998/02/03,26歳,5年,173cm,85kg,A型,右右,兵庫,"1,000万円",広島
33,菊池　涼介,内野手,1990/03/11,34歳,13年,171cm,71kg,A型,右右,東京,"25,000万円",広島
34,高橋　昂也,投手,1998/09/27,26歳,8年,182cm,95kg,A型,左左,埼玉,800万円,広島
35,赤塚　健利,投手,2001/07/01,23歳,1年,195cm,118kg,O型,右右,静岡,700万円,広島
36,塹江　敦哉,投手,1997/02/21,27歳,10年,178cm,90kg,A型,左左,香川,"2,100万円",広島
37,野間　峻祥,外野手,1993/01/28,31歳,10年,182cm,85kg,B型,右左,兵庫,"6,800万円",広島
38,宇草　孔基,外野手,1997/04/17,27歳,5年,185cm,84kg,O型,右左,東京,900万円,広島
39,長谷部　銀次,投手,1998/07/29,26歳,2年,184cm,84kg,A型,左左,愛知,800万円,広島
40,磯村　嘉孝,捕手,1992/11/01,32歳,14年,178cm,91kg,A型,右右,愛知,"2,600万円",広島
41,矢崎　拓也,投手,1994/12/31,30歳,8年,176cm,99kg,O型,右右,東京,"5,600万円",広島
42,ハッチ,投手,1994/09/29,30歳,1年,185cm,88kg,不明,右右,アメリカ,"12,400万円",広島
43,島内　颯太郎,投手,1996/10/14,28歳,6年,180cm,84kg,O型,右右,福岡,"7,000万円",広島
44,林　晃汰,内野手,2000/11/16,24歳,6年,181cm,100kg,O型,右左,和歌山,"1,150万円",広島
45,松本　竜也,投手,1999/09/18,25歳,3年,178cm,103kg,A型,右右,奈良,"1,400万円",広島
46,河野　佳,投手,2001/08/23,23歳,2年,175cm,86kg,O型,右右,兵庫,700万円,広島
47,斉藤　優汰,投手,2004/05/27,20歳,2年,189cm,94kg,O型,右左,北海道,800万円,広島
48,アドゥワ　誠,投手,1998/10/02,26歳,8年,196cm,84kg,O型,右右,熊本,"1,200万円",広島
49,戸根　千明,投手,1992/10/17,32歳,10年,174cm,102kg,A型,左左,京都,"1,900万円",広島
50,中村　健人,外野手,1997/05/21,27歳,3年,183cm,97kg,O型,右右,愛知,"1,300万円",広島
51,小園　海斗,内野手,2000/06/07,24歳,6年,178cm,91kg,AB型,右左,兵庫,"5,400万円",広島
52,末包　昇大,外野手,1996/05/27,28歳,3年,188cm,112kg,O型,右右,香川,"2,500万円",広島
53,小林　樹斗,投手,2003/01/16,21歳,4年,182cm,88kg,O型,右右,和歌山,550万円,広島
54,韮澤　雄也,内野手,2001/05/20,23歳,5年,175cm,85kg,AB型,右左,新潟,800万円,広島
55,松山　竜平,外野手,1985/09/18,39歳,17年,176cm,96kg,B型,右左,鹿児島,"6,500万円",広島
56,久保　修,外野手,2000/09/29,24歳,2年,181cm,83kg,A型,右右,大阪,600万円,広島
57,持丸　泰輝,捕手,2001/10/26,23歳,5年,177cm,90kg,A型,右左,北海道,550万円,広島
58,仲田　侑仁,内野手,2005/07/31,19歳,1年,187cm,105kg,AB型,右右,沖縄,500万円,広島
59,大盛　穂,外野手,1996/08/31,28歳,6年,179cm,80kg,A型,右左,大阪,"1,500万円",広島
60,田村　俊介,外野手,2003/08/25,21歳,3年,178cm,97kg,O型,左左,京都,700万円,広島
61,矢野　雅哉,内野手,1998/12/16,26歳,4年,171cm,71kg,A型,右左,大阪,"1,750万円",広島
62,清水　叶人,捕手,2004/07/06,20歳,2年,176cm,91kg,B型,右左,群馬,500万円,広島
63,内田　湘大,内野手,2004/09/22,20歳,2年,183cm,97kg,A型,右右,長野,600万円,広島
64,髙木　翔斗,捕手,2003/08/12,21歳,3年,188cm,93kg,O型,右右,岐阜,500万円,広島
65,玉村　昇悟,投手,2001/04/16,23歳,5年,179cm,85kg,A型,左左,福井,"1,600万円",広島
66,遠藤　淳志,投手,1999/04/08,25歳,7年,186cm,89kg,O型,右右,茨城,"2,500万円",広島
67,内間　拓馬,投手,1998/11/21,26歳,4年,179cm,86kg,A型,右右,沖縄,700万円,広島
68,ハーン,投手,1994/08/30,30歳,1年,198cm,104kg,不明,左左,アメリカ,"8,760万円",広島
69,羽月　隆太郎,内野手,2000/04/19,24歳,6年,168cm,73kg,O型,右左,宮崎,"1,700万円",広島
70,日髙　暖己,投手,2004/09/16,20歳,2年,183cm,74kg,O型,右左,宮崎,450万円,広島
93,岡田　明丈,投手,1993/10/18,31歳,9年,184cm,96kg,AB型,右左,東京,800万円,広島
94,佐藤　啓介,内野手,2001/05/24,23歳,1年,182cm,95kg,A型,右左,愛知,300万円,広島
95,シャイナー,内野手,1995/08/13,29歳,1年,185cm,90kg,不明,右右,アメリカ,"12,000万円",広島
96,中村　奨成,外野手,1999/06/06,25歳,7年,181cm,84kg,B型,右右,広島,750万円,広島
97,中村　貴浩,外野手,2000/04/09,24歳,2年,177cm,87kg,A型,右左,福岡,700万円,広島
98,コルニエル,投手,1995/06/23,29歳,5年,194cm,103kg,不明,右右,ドミニカ共和国,"3,740万円",広島
99,二俣　翔一,内野手,2002/10/21,22歳,4年,180cm,74kg,AB型,右右,静岡,500万円,広島
120,杉田　健,投手,2001/08/28,23歳,1年,188cm,83kg,A型,右右,静岡,300万円,広島
121,名原　典彦,外野手,2000/06/24,24歳,2年,182cm,80kg,B型,右右,広島,350万円,広島
122,坂田　怜,投手,1999/09/13,25歳,3年,188cm,91kg,O型,右右,埼玉,350万円,広島
125,辻　大雅,投手,2004/08/29,20歳,2年,182cm,82kg,A型,左左,神奈川,325万円,広島
126,新家　颯,投手,2003/08/14,21歳,3年,182cm,83kg,不明,左左,和歌山,350万円,広島
127,前川　誠太,内野手,2003/04/04,21歳,3年,176cm,69kg,AB型,右右,京都,350万円,広島
128,杉原　望来,投手,2005/09/23,19歳,1年,175cm,74kg,A型,左左,大阪,250万円,広島
129,藤井　黎來,投手,1999/09/17,25歳,7年,182cm,90kg,A型,右右,秋田,500万円,広島
130,ラミレス,内野手,2002/02/01,22歳,1年,191cm,124kg,不明,右右,ドミニカ共和国,230万円,広島
131,ロベルト,外野手,2000/10/27,24歳,1年,191cm,104kg,不明,右右,ドミニカ共和国,230万円,広島
0,並木　秀尊,外野手,1999/03/23,25歳,4年,170cm,72kg,B型,右右,埼玉,"1,500万円",ヤクルト
0,赤羽　由紘,内野手,2000/06/29,24歳,4年,176cm,83kg,B型,右右,長野,700万円,ヤクルト
1,山田　哲人,内野手,1992/07/16,32歳,14年,181cm,81kg,O型,右右,兵庫,"50,000万円",ヤクルト
3,西川　遥輝,外野手,1992/04/16,32歳,14年,181cm,82kg,A型,右左,和歌山,"1,600万円",ヤクルト
4,丸山　和郁,外野手,1999/07/18,25歳,3年,174cm,80kg,B型,左左,群馬,"1,600万円",ヤクルト
5,川端　慎吾,内野手,1987/10/16,37歳,19年,185cm,86kg,O型,右左,大阪,"3,000万円",ヤクルト
7,長岡　秀樹,内野手,2001/09/26,23歳,5年,175cm,82kg,A型,右左,千葉,"4,100万円",ヤクルト
9,塩見　泰隆,外野手,1993/06/12,31歳,7年,180cm,81kg,B型,右右,神奈川,"7,100万円",ヤクルト
10,宮本　丈,内野手,1995/04/03,29歳,7年,181cm,82kg,B型,右左,大阪,"2,200万円",ヤクルト
12,石山　泰稚,投手,1988/09/01,36歳,12年,182cm,83kg,A型,右右,秋田,"15,000万円",ヤクルト
12,近藤　弘樹,投手,1995/06/27,29歳,7年,186cm,103kg,B型,右右,広島,600万円,ヤクルト
13,オスナ,内野手,1992/12/12,32歳,4年,188cm,106kg,不明,右右,ベネズエラ,"30,000万円",ヤクルト
13,嘉手苅　浩太,投手,2002/12/26,22歳,4年,193cm,105kg,A型,右右,兵庫,400万円,ヤクルト
14,西舘　昂汰,投手,2001/06/09,23歳,1年,189cm,94kg,不明,右右,福岡,"1,600万円",ヤクルト
15,沼田　翔平,投手,2000/06/24,24歳,6年,175cm,80kg,AB型,右右,北海道,430万円,ヤクルト
15,山下　輝,投手,1999/09/12,25歳,3年,188cm,98kg,B型,左左,千葉,"1,050万円",ヤクルト
16,原　樹理,投手,1993/07/19,31歳,9年,180cm,79kg,A型,右右,兵庫,"3,000万円",ヤクルト
17,清水　昇,投手,1996/10/15,28歳,6年,180cm,95kg,A型,右左,東京,"13,000万円",ヤクルト
17,翔聖,投手,2005/12/17,19歳,1年,187cm,81kg,不明,右右,台湾,280万円,ヤクルト
18,奥川　恭伸,投手,2001/04/16,23歳,5年,184cm,82kg,O型,右右,石川,"2,100万円",ヤクルト
19,石川　雅規,投手,1980/01/22,44歳,23年,167cm,73kg,A型,左左,秋田,"6,750万円",ヤクルト
19,下　慎之介,投手,2002/06/18,22歳,4年,184cm,90kg,B型,左左,群馬,300万円,ヤクルト
20,木澤　尚文,投手,1998/04/25,26歳,4年,183cm,90kg,O型,右右,千葉,"5,200万円",ヤクルト
21,吉村　貢司郎,投手,1998/01/19,26歳,2年,183cm,85kg,B型,右右,東京,"2,100万円",ヤクルト
23,青木　宣親,外野手,1982/01/05,42歳,15年,175cm,80kg,A型,右左,宮崎,"14,000万円",ヤクルト
24,星　知弥,投手,1994/04/15,30歳,8年,183cm,91kg,O型,右右,栃木,"3,000万円",ヤクルト
25,フェリペ,捕手,1999/09/04,25歳,6年,176cm,81kg,O型,右右,静岡,300万円,ヤクルト
25,サンタナ,外野手,1992/08/05,32歳,4年,195cm,104kg,不明,右右,ドミニカ共和国,"36,750万円",ヤクルト
26,髙野　颯太,内野手,2005/07/28,19歳,1年,176cm,90kg,A型,右右,島根,280万円,ヤクルト
26,山野　太一,投手,1999/03/24,25歳,4年,173cm,81kg,B型,左左,山口,900万円,ヤクルト
27,中村　悠平,捕手,1990/06/17,34歳,16年,176cm,79kg,A型,右右,福井,"17,000万円",ヤクルト
28,松本　健吾,投手,1999/04/14,25歳,1年,180cm,83kg,B型,右右,東京,"1,500万円",ヤクルト
29,小川　泰弘,投手,1990/05/16,34歳,12年,172cm,82kg,A型,右右,愛知,"16,000万円",ヤクルト
30,西田　明央,捕手,1992/04/28,32歳,14年,178cm,98kg,AB型,右右,京都,"1,800万円",ヤクルト
31,山崎　晃大朗,外野手,1993/08/11,31歳,9年,174cm,74kg,O型,左左,和歌山,"3,300万円",ヤクルト
32,松本　直樹,捕手,1993/10/17,31歳,7年,177cm,82kg,A型,右右,香川,950万円,ヤクルト
33,内山　壮真,捕手,2002/06/30,22歳,4年,172cm,76kg,O型,右右,富山,"2,600万円",ヤクルト
34,田口　麗斗,投手,1995/09/14,29歳,11年,171cm,79kg,B型,左左,広島,"17,500万円",ヤクルト
35,石原　勇輝,投手,2001/08/30,23歳,1年,180cm,87kg,B型,左左,広島,900万円,ヤクルト
36,西村　瑠伊斗,内野手,2004/07/01,20歳,2年,178cm,80kg,B型,右左,京都,670万円,ヤクルト
37,ロドリゲス,投手,1998/03/31,26歳,2年,195cm,93kg,不明,右右,ドミニカ共和国,"11,250万円",ヤクルト
38,北村　拓己,内野手,1995/08/29,29歳,7年,181cm,90kg,A型,右右,石川,"1,700万円",ヤクルト
39,エスパーダ,投手,1997/02/22,27歳,1年,183cm,77kg,不明,右右,プエルトリコ,"9,800万円",ヤクルト
40,高梨　裕稔,投手,1991/06/05,33歳,11年,188cm,94kg,B型,右右,千葉,"3,500万円",ヤクルト
41,柴田　大地,投手,1997/11/07,27歳,3年,180cm,94kg,O型,右右,東京,"1,000万円",ヤクルト
42,澤井　廉,外野手,2000/05/31,24歳,2年,180cm,94kg,O型,左左,愛知,950万円,ヤクルト
43,山本　大貴,投手,1995/11/10,29歳,7年,184cm,98kg,B型,左左,北海道,"1,500万円",ヤクルト
44,大西　広樹,投手,1997/11/08,27歳,5年,175cm,92kg,O型,右右,奈良,"3,200万円",ヤクルト
45,小澤　怜史,投手,1998/03/09,26歳,9年,182cm,87kg,A型,右左,静岡,"3,000万円",ヤクルト
46,太田　賢吾,内野手,1997/01/19,27歳,10年,186cm,87kg,A型,右左,埼玉,"1,400万円",ヤクルト
47,高橋　奎二,投手,1997/05/14,27歳,9年,180cm,83kg,O型,左左,京都,"4,800万円",ヤクルト
48,金久保　優斗,投手,1999/11/04,25歳,7年,185cm,87kg,O型,右左,千葉,900万円,ヤクルト
49,嘉弥真　新也,投手,1989/11/23,35歳,13年,172cm,72kg,O型,左左,沖縄,"2,000万円",ヤクルト
50,北村　恵吾,内野手,2000/12/18,24歳,2年,182cm,90kg,O型,右右,岐阜,900万円,ヤクルト
51,濱田　太貴,外野手,2000/09/04,24歳,6年,177cm,81kg,A型,右右,福岡,"2,000万円",ヤクルト
52,尾仲　祐哉,投手,1995/01/31,29歳,8年,173cm,75kg,O型,右左,福岡,700万円,ヤクルト
53,長谷川　宙輝,投手,1998/08/23,26歳,8年,176cm,86kg,O型,左左,東京,750万円,ヤクルト
54,サイスニード,投手,1992/10/01,32歳,4年,193cm,97kg,不明,右右,アメリカ,"23,250万円",ヤクルト
55,村上　宗隆,内野手,2000/02/02,24歳,7年,188cm,97kg,O型,右左,熊本,"60,000万円",ヤクルト
56,坂本　拓己,投手,2004/07/06,20歳,2年,180cm,85kg,A型,左左,北海道,520万円,ヤクルト
57,古賀　優大,捕手,1998/08/07,26歳,8年,177cm,83kg,B型,右右,福岡,"1,800万円",ヤクルト
58,阪口　皓亮,投手,1999/08/15,25歳,7年,188cm,90kg,O型,右左,大阪,850万円,ヤクルト
59,小森　航大郎,内野手,2003/04/30,21歳,3年,173cm,83kg,A型,右右,福岡,540万円,ヤクルト
60,武岡　龍世,内野手,2001/05/28,23歳,5年,179cm,77kg,O型,右左,徳島,"1,100万円",ヤクルト
61,宮川　哲,投手,1995/10/10,29歳,5年,177cm,86kg,O型,右右,奈良,"2,000万円",ヤクルト
62,竹山　日向,投手,2003/11/02,21歳,3年,182cm,86kg,B型,右右,愛知,580万円,ヤクルト
63,増田　珠,内野手,1999/05/21,25歳,7年,179cm,85kg,O型,右右,長崎,600万円,ヤクルト
64,岩田　幸宏,外野手,1997/07/31,27歳,3年,175cm,79kg,A型,左左,兵庫,320万円,ヤクルト
65,鈴木　叶,捕手,2006/03/21,18歳,1年,181cm,81kg,O型,右右,静岡,550万円,ヤクルト
66,三ツ俣　大樹,内野手,1992/05/11,32歳,14年,178cm,88kg,O型,右右,東京,800万円,ヤクルト
67,伊藤　琉偉,内野手,2002/09/11,22歳,1年,180cm,78kg,O型,右右,群馬,700万円,ヤクルト
68,丸山　翔大,投手,1998/08/22,26歳,4年,194cm,90kg,A型,右左,福岡,700万円,ヤクルト
69,今野　龍太,投手,1995/05/11,29歳,11年,178cm,86kg,AB型,右右,宮城,"3,400万円",ヤクルト
90,中川　拓真,捕手,2002/07/17,22歳,4年,180cm,88kg,B型,右右,愛知,500万円,ヤクルト
93,橋本　星哉,捕手,2000/09/18,24歳,2年,178cm,85kg,O型,右左,兵庫,300万円,ヤクルト
99,ヤフーレ,投手,1998/05/01,26歳,1年,185cm,97kg,不明,右両,ベネズエラ,"8,100万円",ヤクルト
0,川瀬　晃,内野手,1997/09/15,27歳,9年,175cm,71kg,B型,右左,大分,"2,700万円",ソフトバンク
1,風間　球打,投手,2003/10/11,21歳,3年,184cm,97kg,B型,右左,山梨,"1,000万円",ソフトバンク
2,スチュワート・ジュニア,投手,1999/11/02,25歳,6年,198cm,101kg,不明,右右,アメリカ,"11,000万円",ソフトバンク
3,近藤　健介,外野手,1993/08/09,31歳,13年,171cm,86kg,O型,右左,千葉,"55,000万円",ソフトバンク
4,ダウンズ,内野手,1998/07/27,26歳,1年,178cm,89kg,不明,右右,コロンビア,"7,000万円",ソフトバンク
6,今宮　健太,内野手,1991/07/15,33歳,15年,172cm,76kg,O型,右右,大分,"30,000万円",ソフトバンク
7,中村　晃,外野手,1989/11/05,35歳,17年,175cm,81kg,O型,左左,埼玉,"15,000万円",ソフトバンク
8,牧原　大成,内野手,1992/10/15,32歳,14年,172cm,74kg,A型,右左,福岡,"10,000万円",ソフトバンク
9,柳田　悠岐,外野手,1988/10/09,36歳,14年,188cm,93kg,AB型,右左,広島,"57,000万円",ソフトバンク
11,津森　宥紀,投手,1998/01/21,26歳,5年,176cm,85kg,O型,右右,和歌山,"6,600万円",ソフトバンク
12,嶺井　博希,捕手,1991/06/04,33歳,11年,176cm,87kg,B型,右右,沖縄,"7,500万円",ソフトバンク
13,三森　大貴,内野手,1999/02/21,25歳,8年,186cm,76kg,A型,右左,埼玉,"4,300万円",ソフトバンク
14,又吉　克樹,投手,1990/11/04,34歳,11年,179cm,75kg,A型,右右,沖縄,"15,000万円",ソフトバンク
16,東浜　巨,投手,1990/06/20,34歳,12年,182cm,81kg,A型,右右,沖縄,"15,000万円",ソフトバンク
17,有原　航平,投手,1992/08/11,32歳,8年,190cm,100kg,AB型,右右,広島,"50,000万円",ソフトバンク
18,武田　翔太,投手,1993/04/03,31歳,13年,187cm,92kg,B型,右右,宮崎,"15,000万円",ソフトバンク
19,甲斐　拓也,捕手,1992/11/05,32歳,14年,170cm,87kg,O型,右右,大分,"21,000万円",ソフトバンク
20,中村　亮太,投手,1998/05/18,26歳,4年,182cm,79kg,O型,右右,千葉,650万円,ソフトバンク
21,和田　毅,投手,1981/02/21,43歳,18年,179cm,81kg,O型,左左,島根,"20,000万円",ソフトバンク
22,牧原　巧汰,捕手,2002/07/13,22歳,4年,176cm,84kg,O型,右左,神奈川,550万円,ソフトバンク
23,周東　佑京,内野手,1996/02/10,28歳,7年,180cm,71kg,A型,右左,群馬,"4,500万円",ソフトバンク
24,栗原　陵矢,内野手,1996/07/04,28歳,10年,179cm,83kg,A型,右左,福井,"6,300万円",ソフトバンク
25,山川　穂高,内野手,1991/11/23,33歳,11年,176cm,103kg,A型,右右,沖縄,"30,000万円",ソフトバンク
26,大津　亮介,投手,1999/01/13,25歳,2年,175cm,64kg,B型,右左,福岡,"3,000万円",ソフトバンク
27,岩井　俊介,投手,2001/07/30,23歳,1年,181cm,92kg,O型,右右,愛知,"1,200万円",ソフトバンク
28,ウォーカー,外野手,1991/10/18,33歳,3年,196cm,104kg,不明,右右,アメリカ,"10,000万円",ソフトバンク
29,石川　柊太,投手,1991/12/27,33歳,11年,185cm,88kg,O型,右右,東京,"12,000万円",ソフトバンク
30,佐藤　直樹,外野手,1998/09/03,26歳,5年,177cm,88kg,AB型,右右,兵庫,"1,300万円",ソフトバンク
31,正木　智也,外野手,1999/11/05,25歳,3年,182cm,92kg,O型,右右,東京,"1,200万円",ソフトバンク
32,柳町　達,外野手,1997/04/20,27歳,5年,180cm,80kg,B型,右左,茨城,"3,400万円",ソフトバンク
33,廣瀨　隆太,内野手,2001/04/07,23歳,1年,181cm,88kg,A型,右右,東京,"1,000万円",ソフトバンク
34,村田　賢一,投手,2001/08/31,23歳,1年,179cm,91kg,O型,右右,千葉,"1,000万円",ソフトバンク
35,モイネロ,投手,1995/12/08,29歳,8年,178cm,69kg,不明,左左,キューバ,"30,000万円",ソフトバンク
36,イヒネ　イツア,内野手,2004/09/02,20歳,2年,184cm,78kg,A型,右左,愛知,800万円,ソフトバンク
37,生海,外野手,2000/07/11,24歳,2年,183cm,96kg,B型,右左,福岡,"1,050万円",ソフトバンク
38,澤柳　亮太郎,投手,2000/03/08,24歳,1年,178cm,88kg,A型,右右,東京,"1,000万円",ソフトバンク
39,尾形　崇斗,投手,1999/05/15,25歳,7年,182cm,82kg,O型,右左,宮城,900万円,ソフトバンク
40,杉山　一樹,投手,1997/12/07,27歳,6年,193cm,105kg,A型,右右,静岡,"1,500万円",ソフトバンク
41,前田　悠伍,投手,2005/08/04,19歳,1年,179cm,76kg,A型,左左,滋賀,"1,000万円",ソフトバンク
42,三浦　瑞樹,投手,1999/09/02,25歳,3年,174cm,78kg,A型,左右,神奈川,400万円,ソフトバンク
43,井上　朋也,内野手,2003/01/28,21歳,4年,182cm,89kg,A型,右右,大阪,900万円,ソフトバンク
44,笹川　吉康,外野手,2002/05/31,22歳,4年,193cm,95kg,A型,左左,神奈川,640万円,ソフトバンク
45,谷川原　健太,捕手,1997/04/16,27歳,9年,174cm,87kg,B型,右左,愛知,"1,500万円",ソフトバンク
46,川原田　純平,内野手,2002/05/21,22歳,4年,168cm,72kg,O型,右右,岩手,570万円,ソフトバンク
47,大関　友久,投手,1997/12/14,27歳,5年,184cm,94kg,A型,左左,茨城,"5,500万円",ソフトバンク
48,藤井　皓哉,投手,1996/07/29,28歳,9年,182cm,87kg,AB型,右左,岡山,"5,600万円",ソフトバンク
49,松本　晴,投手,2001/02/24,23歳,2年,181cm,88kg,A型,左左,大阪,800万円,ソフトバンク
50,板東　湧梧,投手,1995/12/27,29歳,6年,182cm,84kg,AB型,右右,徳島,"4,000万円",ソフトバンク
51,前田　純,投手,2000/06/04,24歳,2年,189cm,85kg,不明,左左,沖縄,400万円,ソフトバンク
52,リチャード,内野手,1999/06/18,25歳,7年,189cm,118kg,O型,右右,沖縄,"1,000万円",ソフトバンク
53,大山　凌,投手,2002/03/27,22歳,1年,179cm,77kg,B型,右右,栃木,800万円,ソフトバンク
54,オスナ,投手,1995/02/07,29歳,3年,188cm,104kg,不明,右右,メキシコ,"100,000万円",ソフトバンク
55,石塚　綜一郎,捕手,2001/06/07,23歳,5年,181cm,87kg,B型,右右,秋田,360万円,ソフトバンク
56,田浦　文丸,投手,1999/09/21,25歳,7年,168cm,77kg,O型,左左,福岡,"3,000万円",ソフトバンク
57,緒方　理貢,外野手,1998/09/22,26歳,4年,174cm,72kg,A型,右左,宮崎,400万円,ソフトバンク
58,木村　大成,投手,2003/09/12,21歳,3年,180cm,81kg,A型,左左,北海道,550万円,ソフトバンク
59,長谷川　威展,投手,1999/08/09,25歳,3年,178cm,85kg,AB型,左左,埼玉,770万円,ソフトバンク
60,大野　稼頭央,投手,2004/08/06,20歳,2年,176cm,68kg,B型,左左,鹿児島,500万円,ソフトバンク
61,川村　友斗,外野手,1999/08/13,25歳,3年,181cm,88kg,O型,右左,北海道,400万円,ソフトバンク
62,海野　隆司,捕手,1997/07/15,27歳,5年,174cm,84kg,O型,右右,岡山,"1,200万円",ソフトバンク
63,ヘルナンデス,投手,1996/12/17,28歳,2年,188cm,115kg,不明,左左,ベネズエラ,"6,400万円",ソフトバンク
64,吉田　賢吾,捕手,2001/01/18,23歳,2年,181cm,94kg,B型,右右,神奈川,800万円,ソフトバンク
65,藤田　悠太郎,捕手,2005/06/03,19歳,1年,170cm,75kg,A型,右右,福岡,600万円,ソフトバンク
66,松本　裕樹,投手,1996/04/14,28歳,10年,182cm,87kg,A型,右左,神奈川,"7,000万円",ソフトバンク
67,笠谷　俊介,投手,1997/03/17,27歳,10年,173cm,73kg,AB型,左左,大分,"2,000万円",ソフトバンク
68,木村　光,投手,2000/07/02,24歳,2年,173cm,74kg,B型,右左,奈良,650万円,ソフトバンク
69,仲田　慶介,内野手,1999/07/25,25歳,3年,174cm,77kg,A型,右両,福岡,400万円,ソフトバンク
70,田上　奏大,投手,2002/11/26,22歳,4年,187cm,93kg,B型,右左,大阪,650万円,ソフトバンク
79,渡邉　陸,捕手,2000/09/24,24歳,6年,187cm,90kg,A型,右左,熊本,830万円,ソフトバンク
99,野村　勇,内野手,1996/12/01,28歳,3年,174cm,84kg,B型,右右,兵庫,"2,300万円",ソフトバンク
120,佐藤　宏樹,投手,1999/02/18,25歳,4年,180cm,84kg,AB型,左左,秋田,400万円,ソフトバンク
122,藤野　恵音,内野手,2003/08/23,21歳,3年,181cm,79kg,O型,右右,福岡,360万円,ソフトバンク
123,大泉　周也,外野手,1999/09/16,25歳,1年,173cm,89kg,O型,左左,山形,400万円,ソフトバンク
124,桑原　秀侍,内野手,2002/05/29,22歳,4年,176cm,82kg,A型,右右,熊本,360万円,ソフトバンク
125,古川　侑利,投手,1995/09/08,29歳,11年,178cm,91kg,AB型,右右,佐賀,"1,300万円",ソフトバンク
126,宮里　優吾,投手,2001/09/27,23歳,1年,180cm,89kg,A型,右右,東京,400万円,ソフトバンク
128,伊藤　大将,内野手,2001/07/27,23歳,5年,180cm,80kg,A型,右右,大阪,360万円,ソフトバンク
129,佐倉　侠史朗,内野手,2005/11/03,19歳,1年,183cm,105kg,A型,右左,福岡,360万円,ソフトバンク
130,勝連　大稀,内野手,2001/04/30,23歳,5年,175cm,70kg,B型,右左,沖縄,360万円,ソフトバンク
131,中澤　恒貴,内野手,2005/07/03,19歳,1年,179cm,81kg,O型,右右,東京,360万円,ソフトバンク
133,星野　恒太朗,投手,2001/10/24,23歳,1年,178cm,84kg,A型,右右,福岡,400万円,ソフトバンク
134,大城　真乃,投手,2002/11/24,22歳,4年,170cm,69kg,A型,左左,沖縄,360万円,ソフトバンク
135,アルメンタ,投手,2004/06/26,20歳,3年,185cm,79kg,不明,左左,メキシコ,"1,000万円",ソフトバンク
136,大竹　風雅,投手,1999/08/22,25歳,3年,186cm,87kg,A型,右左,福島,600万円,ソフトバンク
139,井﨑　燦志郎,投手,2004/02/09,20歳,3年,187cm,78kg,B型,右右,福岡,360万円,ソフトバンク
141,フェリックス,投手,1999/11/29,25歳,3年,190cm,81kg,不明,右右,ドミニカ共和国,"1,000万円",ソフトバンク
142,藤原　大翔,投手,2005/12/26,19歳,1年,177cm,64kg,B型,右右,福岡,360万円,ソフトバンク
143,村上　舜,投手,2001/11/01,23歳,5年,174cm,77kg,AB型,左左,山形,360万円,ソフトバンク
144,シモン,外野手,2004/09/18,20歳,3年,185cm,79kg,不明,右右,ドミニカ共和国,"1,000万円",ソフトバンク
145,ハモンド,投手,2004/01/17,20歳,3年,192cm,83kg,O型,右右,東京,360万円,ソフトバンク
146,藤田　淳平,投手,2000/05/14,24歳,1年,182cm,92kg,A型,左左,徳島,400万円,ソフトバンク
147,加藤　洸稀,投手,2003/07/21,21歳,3年,177cm,81kg,A型,左左,兵庫,360万円,ソフトバンク
148,山崎　琢磨,投手,2003/11/06,21歳,3年,185cm,90kg,B型,右左,大阪,360万円,ソフトバンク
149,佐久間　拓斗,内野手,2003/07/17,21歳,3年,183cm,102kg,B型,右右,福島,360万円,ソフトバンク
150,山本　恵大,外野手,1999/08/06,25歳,3年,182cm,93kg,O型,右左,東京,400万円,ソフトバンク
151,加藤　晴空,捕手,2003/04/28,21歳,3年,175cm,79kg,A型,右左,佐賀,360万円,ソフトバンク
152,瀧本　将生,投手,2003/07/29,21歳,3年,179cm,84kg,不明,右右,千葉,360万円,ソフトバンク
153,三代　祥貴,内野手,2004/03/29,20歳,3年,179cm,93kg,O型,右右,大分,360万円,ソフトバンク
154,佐藤　琢磨,投手,2000/03/18,24歳,3年,184cm,85kg,A型,左左,新潟,400万円,ソフトバンク
156,ロドリゲス,投手,2001/08/18,23歳,3年,182cm,90kg,不明,右右,ドミニカ共和国,"1,000万円",ソフトバンク
157,小林　珠維,投手,2001/05/07,23歳,5年,184cm,91kg,A型,右右,北海道,470万円,ソフトバンク
158,赤羽　蓮,投手,2004/04/09,20歳,2年,188cm,89kg,B型,右右,茨城,360万円,ソフトバンク
159,山下　恭吾,内野手,2004/07/07,20歳,2年,175cm,76kg,AB型,右右,福岡,360万円,ソフトバンク
160,長水　啓眞,投手,2005/08/08,19歳,1年,178cm,62kg,A型,左左,京都,360万円,ソフトバンク
161,内野　海斗,投手,2004/07/28,20歳,2年,187cm,93kg,AB型,右右,福岡,360万円,ソフトバンク
162,岡植　純平,投手,2004/07/10,20歳,2年,177cm,78kg,O型,右右,兵庫,360万円,ソフトバンク
163,佐々木　明都,投手,2005/01/02,19歳,2年,182cm,80kg,B型,右右,東京,360万円,ソフトバンク
164,水口　創太,投手,1999/08/09,25歳,2年,194cm,102kg,A型,右右,滋賀,400万円,ソフトバンク
165,宮﨑　颯,投手,2000/06/14,24歳,2年,180cm,94kg,A型,左左,埼玉,400万円,ソフトバンク
166,重松　凱人,外野手,2000/04/12,24歳,2年,187cm,96kg,A型,右右,福岡,400万円,ソフトバンク
168,佐藤　航太,外野手,2004/04/07,20歳,2年,184cm,77kg,A型,右右,東京,360万円,ソフトバンク
169,飛田　悠成,投手,2005/03/13,19歳,2年,185cm,89kg,B型,右左,神奈川,360万円,ソフトバンク
170,西尾　歩真,内野手,2000/06/20,24歳,2年,167cm,66kg,O型,右左,三重,400万円,ソフトバンク
171,盛島　稜大,捕手,2004/05/27,20歳,2年,187cm,104kg,B型,右右,沖縄,360万円,ソフトバンク
172,渡邊　佑樹,投手,1995/11/08,29歳,7年,183cm,89kg,A型,左左,山梨,700万円,ソフトバンク
173,オスーナ,外野手,2007/03/27,17歳,2年,185cm,82kg,不明,右右,ドミニカ共和国,"1,000万円",ソフトバンク
174,鍬原　拓也,投手,1996/03/26,28歳,7年,175cm,84kg,A型,右右,奈良,"1,300万円",ソフトバンク
175,アルモンテ,内野手,2007/12/02,17歳,1年,185cm,82kg,不明,右右,ドミニカ共和国,"1,000万円",ソフトバンク
176,サルディ,投手,2005/11/12,19歳,1年,186cm,81kg,不明,左左,キューバ,"1,500万円",ソフトバンク
177,齊藤　大将,投手,1995/06/03,29歳,7年,178cm,80kg,A型,左左,東京,470万円,ソフトバンク
2,マルティネス,捕手,1996/05/28,28歳,7年,190cm,95kg,不明,右右,キューバ,"12,000万円",日本ハム
3,加藤　豪将,内野手,1994/10/08,30歳,2年,185cm,88kg,O型,右左,アメリカ,"6,500万円",日本ハム
4,上川畑　大悟,内野手,1997/01/12,27歳,3年,167cm,71kg,A型,右左,岡山,"2,900万円",日本ハム
5,野村　佑希,内野手,2000/06/26,24歳,6年,187cm,97kg,O型,右右,アメリカ,"4,800万円",日本ハム
6,スティーブンソン,外野手,1994/06/01,30歳,1年,180cm,86kg,不明,左左,アメリカ,"11,000万円",日本ハム
7,松本　剛,外野手,1993/08/11,31歳,13年,180cm,81kg,AB型,右右,埼玉,"11,000万円",日本ハム
8,淺間　大基,外野手,1996/06/21,28歳,10年,183cm,88kg,B型,右左,東京,"2,500万円",日本ハム
9,中島　卓也,内野手,1991/01/11,33歳,16年,178cm,75kg,A型,右左,福岡,"2,500万円",日本ハム
10,清水　優心,捕手,1996/05/22,28歳,10年,185cm,91kg,A型,右右,山口,"2,700万円",日本ハム
12,矢澤　宏太,投手,2000/08/02,24歳,2年,173cm,71kg,A型,左左,東京,"1,500万円",日本ハム
13,生田目　翼,投手,1995/02/19,29歳,6年,176cm,88kg,A型,右右,茨城,900万円,日本ハム
14,加藤　貴之,投手,1992/06/03,32歳,9年,182cm,90kg,AB型,左左,千葉,"30,000万円",日本ハム
16,達　孝太,投手,2004/03/27,20歳,3年,194cm,97kg,B型,右右,大阪,"1,000万円",日本ハム
17,伊藤　大海,投手,1997/08/31,27歳,4年,176cm,82kg,O型,右左,北海道,"11,000万円",日本ハム
18,山﨑　福也,投手,1992/09/09,32歳,10年,188cm,95kg,B型,左左,埼玉,"6,000万円",日本ハム
19,玉井　大翔,投手,1992/06/16,32歳,8年,178cm,78kg,A型,右右,北海道,"7,100万円",日本ハム
20,上原　健太,投手,1994/03/29,30歳,9年,191cm,95kg,A型,左左,沖縄,"4,000万円",日本ハム
21,清宮　幸太郎,内野手,1999/05/25,25歳,7年,184cm,94kg,O型,右左,東京,"4,400万円",日本ハム
22,杉浦　稔大,投手,1992/02/25,32歳,11年,190cm,91kg,A型,右右,北海道,"5,200万円",日本ハム
23,伏見　寅威,捕手,1990/05/12,34歳,12年,182cm,87kg,AB型,右右,北海道,"10,000万円",日本ハム
24,金村　尚真,投手,2000/08/29,24歳,2年,176cm,85kg,O型,右右,沖縄,"1,200万円",日本ハム
25,宮西　尚生,投手,1985/06/02,39歳,17年,180cm,80kg,O型,左左,兵庫,"5,000万円",日本ハム
26,田中　正義,投手,1994/07/19,30歳,8年,188cm,93kg,A型,右右,神奈川,"3,600万円",日本ハム
27,古川　裕大,捕手,1998/06/19,26歳,4年,184cm,90kg,A型,右左,福岡,"1,200万円",日本ハム
28,河野　竜生,投手,1998/05/30,26歳,5年,175cm,84kg,O型,左左,徳島,"5,000万円",日本ハム
29,細野　晴希,投手,2002/02/26,22歳,1年,180cm,86kg,B型,左左,東京,"1,300万円",日本ハム
30,郡司　裕也,捕手,1997/12/27,27歳,5年,180cm,89kg,A型,右右,千葉,"1,800万円",日本ハム
31,マーフィー,投手,1995/06/10,29歳,1年,196cm,95kg,不明,右右,アメリカ,"12,000万円",日本ハム
32,黒木　優太,投手,1994/08/16,30歳,8年,179cm,85kg,A型,右左,神奈川,"2,500万円",日本ハム
33,進藤　勇也,捕手,2002/03/10,22歳,1年,182cm,90kg,A型,右右,福岡,"1,100万円",日本ハム
34,堀　瑞輝,投手,1998/05/10,26歳,8年,177cm,82kg,A型,左左,広島,"4,200万円",日本ハム
35,福田　光輝,内野手,1997/11/16,27歳,5年,176cm,80kg,A型,右左,大阪,860万円,日本ハム
36,宮崎　一樹,外野手,2001/08/30,23歳,1年,184cm,84kg,O型,右右,東京,900万円,日本ハム
37,江越　大賀,外野手,1993/03/12,31歳,10年,182cm,83kg,O型,右右,長崎,"2,200万円",日本ハム
38,石井　一成,内野手,1994/05/06,30歳,8年,182cm,85kg,O型,右左,栃木,"3,000万円",日本ハム
39,有薗　直輝,内野手,2003/05/21,21歳,3年,185cm,98kg,O型,右右,千葉,630万円,日本ハム
40,福田　俊,投手,1996/12/14,28歳,6年,171cm,73kg,A型,左左,北海道,"2,200万円",日本ハム
41,ロドリゲス,投手,1991/07/06,33歳,7年,196cm,116kg,不明,右右,ドミニカ共和国,"12,000万円",日本ハム
42,ザバラ,投手,1996/12/21,28歳,1年,190cm,117kg,不明,右右,ドミニカ共和国,"11,000万円",日本ハム
43,水野　達稀,内野手,2000/07/30,24歳,3年,171cm,75kg,B型,右左,香川,950万円,日本ハム
44,阪口　樂,内野手,2003/06/24,21歳,3年,187cm,96kg,B型,右左,京都,550万円,日本ハム
45,バーヘイゲン,投手,1990/10/22,34歳,3年,198cm,104kg,不明,右右,アメリカ,"35,000万円",日本ハム
46,畔柳　亨丞,投手,2003/05/03,21歳,3年,178cm,85kg,B型,右右,愛知,540万円,日本ハム
47,鈴木　健矢,投手,1997/12/11,27歳,5年,176cm,80kg,O型,右左,千葉,"3,000万円",日本ハム
48,齋藤　友貴哉,投手,1995/01/05,29歳,6年,184cm,92kg,O型,右左,山形,"1,500万円",日本ハム
49,若林　晃弘,内野手,1993/08/26,31歳,7年,180cm,82kg,A型,右両,東京,"2,300万円",日本ハム
50,五十幡　亮汰,外野手,1998/11/27,26歳,4年,171cm,65kg,B型,右左,埼玉,"1,500万円",日本ハム
51,石川　直也,投手,1996/07/11,28歳,10年,192cm,93kg,A型,右右,山形,"3,500万円",日本ハム
52,池田　隆英,投手,1994/10/01,30歳,8年,181cm,86kg,B型,右右,佐賀,"4,600万円",日本ハム
53,水谷　瞬,外野手,2001/03/09,23歳,6年,193cm,99kg,A型,右右,愛知,560万円,日本ハム
54,安西　叶翔,投手,2004/11/13,20歳,2年,186cm,92kg,A型,右右,京都,530万円,日本ハム
55,松浦　慶斗,投手,2003/07/01,21歳,3年,186cm,101kg,A型,左左,宮城,540万円,日本ハム
56,細川　凌平,内野手,2002/04/25,22歳,4年,174cm,76kg,A型,右左,京都,920万円,日本ハム
57,北山　亘基,投手,1999/04/10,25歳,3年,182cm,82kg,A型,右右,京都,"3,300万円",日本ハム
58,奈良間　大己,内野手,2000/05/08,24歳,2年,172cm,75kg,A型,右右,静岡,"1,200万円",日本ハム
59,根本　悠楓,投手,2003/03/31,21歳,4年,173cm,77kg,O型,左左,北海道,"1,600万円",日本ハム
60,鍵谷　陽平,投手,1990/09/23,34歳,12年,178cm,86kg,O型,右右,北海道,"1,000万円",日本ハム
61,今川　優馬,外野手,1997/01/25,27歳,4年,177cm,86kg,A型,右右,北海道,"1,800万円",日本ハム
62,宮内　春輝,投手,1996/05/25,28歳,2年,176cm,75kg,AB型,右右,千葉,930万円,日本ハム
63,北浦　竜次,投手,2000/01/12,24歳,7年,184cm,99kg,AB型,左左,栃木,850万円,日本ハム
64,田宮　裕涼,捕手,2000/06/13,24歳,6年,175cm,79kg,A型,右左,千葉,700万円,日本ハム
65,明瀬　諒介,内野手,2005/08/25,19歳,1年,183cm,87kg,AB型,右右,大阪,530万円,日本ハム
66,万波　中正,外野手,2000/04/07,24歳,6年,192cm,99kg,A型,右右,東京,"8,000万円",日本ハム
67,山本　拓実,投手,2000/01/31,24歳,7年,167cm,80kg,A型,右右,兵庫,"2,000万円",日本ハム
68,星野　ひので,外野手,2005/04/18,19歳,1年,182cm,84kg,不明,右右,群馬,530万円,日本ハム
93,田中　瑛斗,投手,1999/07/13,25歳,7年,184cm,84kg,A型,右左,大分,750万円,日本ハム
94,福島　蓮,投手,2003/04/25,21歳,3年,190cm,76kg,A型,右右,青森,330万円,日本ハム
95,柳川　大晟,投手,2003/08/21,21歳,3年,191cm,92kg,O型,右右,大分,330万円,日本ハム
98,梅林　優貴,捕手,1998/03/14,26歳,5年,171cm,81kg,A型,右右,広島,770万円,日本ハム
99,レイエス,外野手,1995/07/07,29歳,1年,196cm,120kg,不明,右右,ドミニカ共和国,"10,000万円",日本ハム
111,濵田　泰希,内野手,2005/11/28,19歳,1年,189cm,73kg,O型,右右,兵庫,260万円,日本ハム
112,平田　大樹,外野手,2005/08/25,19歳,1年,181cm,70kg,A型,右左,滋賀,260万円,日本ハム
113,加藤　大和,投手,2006/01/12,18歳,1年,190cm,79kg,A型,左左,愛知,260万円,日本ハム
114,松本　遼大,投手,2002/05/17,22歳,4年,188cm,96kg,A型,右右,岩手,400万円,日本ハム
115,齊藤　伸治,投手,1998/06/13,26歳,4年,181cm,84kg,B型,右右,千葉,400万円,日本ハム
124,阿部　和広,外野手,2003/05/12,21歳,3年,170cm,66kg,不明,右両,神奈川,260万円,日本ハム
125,藤田　大清,外野手,2004/08/23,20歳,2年,187cm,82kg,AB型,右左,長野,260万円,日本ハム
126,中山　晶量,投手,1999/02/08,25歳,2年,188cm,90kg,AB型,右右,徳島,260万円,日本ハム
127,山口　アタル,外野手,1999/05/28,25歳,2年,179cm,89kg,不明,右右,カナダ,260万円,日本ハム
128,山本　晃大,投手,1999/04/23,25歳,2年,186cm,90kg,B型,左左,三重,260万円,日本ハム
137,柿木　蓮,投手,2000/06/25,24歳,6年,181cm,87kg,A型,右右,佐賀,440万円,日本ハム
168,松岡　洸希,投手,2000/08/31,24歳,5年,180cm,85kg,A型,右右,埼玉,600万円,日本ハム
196,孫　易磊,投手,2005/02/10,19歳,1年,183cm,81kg,不明,右左,台湾,600万円,日本ハム
0,渡部　遼人,外野手,1999/09/02,25歳,3年,171cm,70kg,O型,左左,東京,"1,200万円",オリックス
0,エスピノーザ,投手,1998/03/09,26歳,1年,183cm,86kg,不明,右右,ベネズエラ,"4,500万円",オリックス
1,福田　周平,外野手,1992/08/08,32歳,7年,167cm,70kg,A型,右左,大阪,"6,000万円",オリックス
2,若月　健矢,捕手,1995/10/04,29歳,11年,180cm,88kg,O型,右右,埼玉,"12,000万円",オリックス
3,中田　惟斗,投手,2001/09/13,23歳,5年,182cm,92kg,A型,右右,和歌山,250万円,オリックス
3,安達　了一,内野手,1988/01/07,36歳,13年,179cm,80kg,O型,右右,群馬,"5,500万円",オリックス
4,平野　大和,外野手,2001/08/07,23歳,5年,177cm,82kg,O型,右右,宮崎,500万円,オリックス
4,森　友哉,捕手,1995/08/08,29歳,11年,170cm,85kg,A型,右左,大阪,"40,000万円",オリックス
5,西野　真弘,内野手,1990/08/02,34歳,10年,167cm,71kg,O型,右左,東京,"2,300万円",オリックス
6,宗　佑磨,内野手,1996/06/07,28歳,10年,181cm,83kg,B型,右左,東京,"8,300万円",オリックス
7,西川　龍馬,外野手,1994/12/10,30歳,9年,176cm,83kg,O型,右左,大阪,"12,000万円",オリックス
8,ゴンザレス,内野手,1989/03/14,35歳,2年,185cm,93kg,不明,右両,ベネズエラ,"18,000万円",オリックス
9,野口　智哉,内野手,1999/09/20,25歳,3年,181cm,95kg,B型,右左,奈良,"2,500万円",オリックス
10,大城　滉二,内野手,1993/06/14,31歳,9年,175cm,80kg,B型,右右,沖縄,"4,000万円",オリックス
11,山下　舜平大,投手,2002/07/16,22歳,4年,190cm,100kg,B型,右右,福岡,"4,000万円",オリックス
12,東　晃平,投手,1999/12/14,25歳,7年,178cm,90kg,O型,右右,兵庫,"2,400万円",オリックス
13,宮城　大弥,投手,2001/08/25,23歳,5年,171cm,80kg,A型,左左,沖縄,"16,000万円",オリックス
14,宇田川　優希,投手,1998/11/10,26歳,4年,184cm,92kg,O型,右右,埼玉,"4,800万円",オリックス
15,椋木　蓮,投手,2000/01/22,24歳,3年,179cm,86kg,O型,右右,山口,"1,400万円",オリックス
16,平野　佳寿,投手,1984/03/08,40歳,16年,186cm,88kg,O型,右右,京都,"22,000万円",オリックス
17,曽谷　龍平,投手,2000/11/30,24歳,2年,182cm,80kg,A型,左左,奈良,"1,600万円",オリックス
19,山岡　泰輔,投手,1995/09/22,29歳,8年,172cm,68kg,A型,右左,広島,"9,000万円",オリックス
20,山中　尭之,外野手,1999/03/10,25歳,3年,183cm,98kg,A型,右右,茨城,240万円,オリックス
20,阿部　翔太,投手,1992/11/03,32歳,4年,178cm,80kg,B型,右左,大阪,"6,000万円",オリックス
21,山﨑　颯一郎,投手,1998/06/15,26歳,8年,190cm,95kg,B型,右右,石川,"7,000万円",オリックス
22,村西　良太,投手,1997/06/06,27歳,5年,174cm,76kg,O型,右左,兵庫,"1,400万円",オリックス
23,吉田　輝星,投手,2001/01/12,23歳,6年,175cm,83kg,AB型,右右,秋田,"1,600万円",オリックス
24,紅林　弘太郎,内野手,2002/02/07,22歳,5年,187cm,94kg,B型,右右,静岡,"7,200万円",オリックス
25,内藤　鵬,内野手,2004/10/05,20歳,2年,180cm,103kg,A型,右右,愛知,600万円,オリックス
26,齋藤　響介,投手,2004/11/18,20歳,2年,177cm,72kg,O型,右右,岩手,600万円,オリックス
27,元　謙太,外野手,2002/05/17,22歳,4年,186cm,88kg,O型,右右,岐阜,680万円,オリックス
28,富山　凌雅,投手,1997/05/03,27歳,6年,178cm,84kg,AB型,左左,和歌山,"1,600万円",オリックス
29,田嶋　大樹,投手,1996/08/03,28歳,7年,182cm,82kg,A型,左左,栃木,"9,500万円",オリックス
30,廣岡　大志,内野手,1997/04/09,27歳,9年,185cm,89kg,O型,右右,大阪,"2,000万円",オリックス
31,太田　椋,内野手,2001/02/14,23歳,6年,181cm,84kg,B型,右右,大阪,"1,600万円",オリックス
32,福永　奨,捕手,1999/07/28,25歳,3年,175cm,87kg,B型,右右,神奈川,950万円,オリックス
32,入山　海斗,投手,2000/05/26,24歳,2年,177cm,78kg,A型,右右,大阪,240万円,オリックス
33,杉澤　龍,外野手,2000/06/02,24歳,2年,175cm,80kg,O型,右左,秋田,900万円,オリックス
34,横山　聖哉,内野手,2005/10/28,19歳,1年,181cm,86kg,不明,右左,長野,700万円,オリックス
34,村上　喬一朗,捕手,2000/12/01,24歳,2年,168cm,82kg,B型,右右,愛媛,240万円,オリックス
35,比嘉　幹貴,投手,1982/12/07,42歳,15年,177cm,77kg,A型,右右,沖縄,"3,600万円",オリックス
36,山足　達也,内野手,1993/10/26,31歳,7年,174cm,76kg,AB型,右右,大阪,"1,900万円",オリックス
37,石川　亮,捕手,1995/07/20,29歳,11年,181cm,87kg,O型,右右,神奈川,"1,700万円",オリックス
38,来田　涼斗,外野手,2002/10/16,22歳,4年,182cm,93kg,A型,右左,兵庫,760万円,オリックス
39,池田　陵真,外野手,2003/08/24,21歳,3年,171cm,83kg,O型,右右,大阪,800万円,オリックス
40,セデーニョ,内野手,1998/08/22,26歳,2年,194cm,118kg,不明,右右,ベネズエラ,"13,000万円",オリックス
41,佐野　皓大,外野手,1996/09/02,28歳,10年,182cm,73kg,A型,右右,大分,"2,200万円",オリックス
41,寿賀　弘都,投手,2005/06/16,19歳,1年,180cm,80kg,A型,左左,香川,240万円,オリックス
42,大江　海透,投手,2000/01/13,24歳,1年,181cm,93kg,B型,左左,佐賀,240万円,オリックス
42,マチャド,投手,1993/04/22,31歳,1年,185cm,105kg,不明,右右,ベネズエラ,"13,600万円",オリックス
43,宮國　凌空,投手,2005/08/07,19歳,1年,176cm,78kg,O型,右右,沖縄,240万円,オリックス
43,前　佑囲斗,投手,2001/08/13,23歳,5年,182cm,90kg,A型,右右,三重,600万円,オリックス
44,頓宮　裕真,捕手,1996/11/17,28歳,6年,182cm,103kg,AB型,右右,岡山,"8,800万円",オリックス
44,芦田　丈飛,投手,2000/02/09,24歳,1年,185cm,95kg,A型,右右,千葉,240万円,オリックス
45,トーマス,外野手,1994/10/08,30歳,1年,193cm,96kg,不明,右左,アメリカ,"11,000万円",オリックス
45,河野　聡太,内野手,2000/05/22,24歳,1年,180cm,77kg,A型,右左,福岡,240万円,オリックス
46,本田　仁海,投手,1999/07/27,25歳,7年,181cm,74kg,A型,右左,神奈川,"2,200万円",オリックス
48,東松　快征,投手,2005/04/29,19歳,1年,179cm,89kg,O型,左左,愛知,600万円,オリックス
50,小田　裕也,外野手,1989/11/04,35歳,10年,172cm,75kg,O型,右左,熊本,"3,500万円",オリックス
52,横山　楓,投手,1997/12/28,27歳,3年,181cm,91kg,O型,右両,宮崎,750万円,オリックス
53,宜保　翔,内野手,2000/11/26,24歳,6年,175cm,75kg,O型,右左,沖縄,"1,800万円",オリックス
54,カスティーヨ,投手,1995/03/10,29歳,2年,190cm,96kg,不明,右右,ドミニカ共和国,"9,500万円",オリックス
55,Ｔ－岡田,外野手,1988/02/09,36歳,19年,187cm,100kg,B型,左左,大阪,"3,600万円",オリックス
56,小木田　敦也,投手,1998/10/10,26歳,3年,173cm,83kg,AB型,右右,秋田,"3,600万円",オリックス
57,山田　修義,投手,1991/09/19,33歳,15年,185cm,95kg,B型,左左,福井,"4,300万円",オリックス
58,井口　和朋,投手,1994/01/07,30歳,9年,175cm,75kg,O型,右右,神奈川,800万円,オリックス
59,ペルドモ,投手,1993/05/09,31歳,2年,188cm,84kg,不明,右右,ドミニカ共和国,"5,000万円",オリックス
61,茶野　篤政,外野手,1999/08/04,25歳,2年,175cm,80kg,B型,右左,滋賀,"2,100万円",オリックス
62,堀　柊那,捕手,2005/07/16,19歳,1年,179cm,82kg,B型,右右,兵庫,500万円,オリックス
63,河内　康介,投手,2005/04/16,19歳,1年,180cm,72kg,O型,右右,大阪,600万円,オリックス
64,大里　昂生,内野手,1999/07/07,25歳,3年,178cm,76kg,O型,右左,岩手,500万円,オリックス
66,鈴木　博志,投手,1997/03/22,27歳,7年,182cm,95kg,A型,右右,静岡,"1,250万円",オリックス
67,中川　圭太,内野手,1996/04/12,28歳,6年,180cm,76kg,B型,右右,大阪,"9,000万円",オリックス
93,佐藤　一磨,投手,2001/04/16,23歳,5年,190cm,97kg,AB型,左左,神奈川,270万円,オリックス
94,川瀬　堅斗,投手,2002/06/18,22歳,4年,183cm,88kg,A型,右右,大分,250万円,オリックス
95,才木　海翔,投手,2000/06/10,24歳,2年,181cm,85kg,A型,右右,大阪,240万円,オリックス
96,髙島　泰都,投手,1999/12/03,25歳,1年,181cm,80kg,B型,右右,北海道,700万円,オリックス
97,古田島　成龍,投手,1999/06/29,25歳,1年,175cm,85kg,B型,右右,茨城,700万円,オリックス
98,権田　琉成,投手,2000/01/28,24歳,1年,180cm,88kg,O型,右右,長野,700万円,オリックス
99,杉本　裕太郎,外野手,1991/04/05,33歳,9年,190cm,104kg,B型,右右,徳島,"7,500万円",オリックス
123,木下　元秀,外野手,2001/07/25,23歳,5年,183cm,96kg,O型,左左,大阪,350万円,オリックス
124,上野　響平,内野手,2001/04/26,23歳,5年,172cm,74kg,A型,右右,大阪,450万円,オリックス
126,香月　一也,内野手,1996/04/16,28歳,10年,176cm,83kg,A型,右左,福岡,500万円,オリックス
130,小野　泰己,投手,1994/05/30,30歳,8年,184cm,83kg,A型,右右,福岡,500万円,オリックス
0,小深田　大翔,内野手,1995/09/28,29歳,5年,168cm,69kg,O型,右左,兵庫,"8,500万円",楽天
2,太田　光,捕手,1996/10/14,28歳,6年,178cm,76kg,O型,右右,岡山,"4,800万円",楽天
3,浅村　栄斗,内野手,1990/11/12,34歳,16年,182cm,90kg,O型,右右,大阪,"50,000万円",楽天
4,阿部　寿樹,内野手,1989/12/03,35歳,9年,185cm,85kg,B型,右右,岩手,"5,800万円",楽天
5,茂木　栄五郎,内野手,1994/02/14,30歳,9年,171cm,75kg,O型,右左,東京,"6,000万円",楽天
7,鈴木　大地,内野手,1989/08/18,35歳,13年,175cm,79kg,O型,右左,静岡,"14,000万円",楽天
8,辰己　涼介,外野手,1996/12/27,28歳,6年,180cm,74kg,A型,右左,兵庫,"8,000万円",楽天
9,吉野　創士,外野手,2003/10/27,21歳,3年,186cm,78kg,O型,右右,千葉,850万円,楽天
11,岸　孝之,投手,1984/12/04,40歳,18年,180cm,77kg,A型,右右,宮城,"21,000万円",楽天
13,ポンセ,投手,1994/04/25,30歳,3年,198cm,116kg,不明,右右,アメリカ,"10,000万円",楽天
14,則本　昂大,投手,1990/12/17,34歳,12年,178cm,82kg,A型,右左,滋賀,"30,000万円",楽天
17,王　彦程,投手,2001/02/14,23歳,6年,180cm,82kg,不明,左左,台湾,300万円,楽天
17,古謝　樹,投手,2001/08/18,23歳,1年,182cm,75kg,O型,左左,神奈川,"1,600万円",楽天
18,田中　将大,投手,1988/11/01,36歳,11年,188cm,97kg,A型,右右,兵庫,"26,000万円",楽天
19,荘司　康誠,投手,2000/10/13,24歳,2年,189cm,86kg,B型,右右,新潟,"3,000万円",楽天
20,ターリー,投手,1989/09/11,35歳,3年,193cm,104kg,不明,左左,アメリカ,"8,000万円",楽天
21,早川　隆久,投手,1998/07/06,26歳,4年,180cm,76kg,B型,左左,千葉,"3,300万円",楽天
22,水上　桂,捕手,2001/07/05,23歳,5年,172cm,75kg,O型,右右,兵庫,450万円,楽天
22,小孫　竜二,投手,1997/09/15,27歳,2年,180cm,88kg,O型,右右,石川,"1,100万円",楽天
23,フランコ,内野手,1992/08/26,32歳,2年,185cm,105kg,不明,右右,ドミニカ共和国,"9,000万円",楽天
24,黒川　史陽,内野手,2001/04/17,23歳,5年,182cm,86kg,B型,右左,奈良,780万円,楽天
25,田中　和基,外野手,1994/08/08,30歳,8年,181cm,75kg,A型,右両,福岡,"2,100万円",楽天
27,岡島　豪郎,外野手,1989/09/07,35歳,13年,176cm,82kg,B型,右左,群馬,"5,300万円",楽天
28,酒居　知史,投手,1993/01/02,31歳,8年,178cm,80kg,A型,右右,大阪,"5,600万円",楽天
29,高田　孝一,投手,1998/06/03,26歳,4年,183cm,91kg,AB型,右右,神奈川,950万円,楽天
30,平良　竜哉,内野手,1998/07/09,26歳,2年,170cm,78kg,A型,右右,沖縄,900万円,楽天
31,渡辺　翔太,投手,2000/10/29,24歳,2年,182cm,90kg,A型,右右,福岡,"2,800万円",楽天
32,中島　大輔,外野手,2001/06/04,23歳,1年,180cm,78kg,O型,右左,和歌山,700万円,楽天
34,山﨑　剛,内野手,1995/12/29,29歳,7年,173cm,74kg,AB型,右左,福岡,"2,400万円",楽天
35,島内　宏明,外野手,1990/02/02,34歳,13年,180cm,75kg,B型,左左,石川,"12,000万円",楽天
36,前田　銀治,外野手,2003/11/19,21歳,3年,182cm,98kg,AB型,右右,静岡,550万円,楽天
38,弓削　隼人,投手,1994/04/06,30歳,6年,193cm,105kg,AB型,左左,栃木,980万円,楽天
39,伊藤　裕季也,内野手,1996/08/30,28歳,6年,181cm,95kg,O型,右右,三重,"1,850万円",楽天
40,櫻井　周斗,投手,1999/06/25,25歳,7年,178cm,86kg,A型,左左,埼玉,790万円,楽天
41,伊藤　茉央,投手,2000/11/19,24歳,2年,176cm,80kg,O型,右左,福島,900万円,楽天
42,山田　遥楓,内野手,1996/09/30,28歳,10年,180cm,84kg,A型,右右,佐賀,800万円,楽天
43,宋　家豪,投手,1992/09/06,32歳,9年,185cm,92kg,不明,右左,台湾,"9,000万円",楽天
44,田中　貴也,捕手,1992/08/27,32歳,10年,178cm,85kg,O型,右左,京都,800万円,楽天
45,松井　友飛,投手,1999/10/11,25歳,3年,190cm,87kg,A型,右右,石川,800万円,楽天
46,藤平　尚真,投手,1998/09/21,26歳,8年,185cm,85kg,O型,右右,千葉,"1,450万円",楽天
47,藤井　聖,投手,1996/10/03,28歳,4年,176cm,80kg,O型,左左,神奈川,"1,300万円",楽天
48,渡邊　佳明,内野手,1997/01/08,27歳,6年,180cm,79kg,A型,右左,神奈川,"1,400万円",楽天
49,西垣　雅矢,投手,1999/06/21,25歳,3年,184cm,88kg,B型,右左,兵庫,820万円,楽天
50,武藤　敦貴,外野手,2001/06/15,23歳,5年,178cm,73kg,A型,左左,福岡,700万円,楽天
51,小郷　裕哉,外野手,1996/08/03,28歳,6年,178cm,85kg,O型,右左,岡山,"3,100万円",楽天
52,津留﨑　大成,投手,1997/10/10,27歳,5年,177cm,86kg,不明,右右,千葉,860万円,楽天
53,坂井　陽翔,投手,2005/04/05,19歳,1年,186cm,88kg,B型,右右,兵庫,600万円,楽天
54,日當　直喜,投手,2005/07/06,19歳,1年,190cm,105kg,A型,右右,東京,550万円,楽天
55,安田　悠馬,捕手,2000/03/03,24歳,3年,185cm,105kg,B型,右左,兵庫,"1,300万円",楽天
56,鈴木　翔天,投手,1996/08/19,28歳,6年,185cm,82kg,A型,左左,神奈川,"3,200万円",楽天
57,瀧中　瞭太,投手,1994/12/20,30歳,5年,180cm,93kg,A型,右右,滋賀,"2,300万円",楽天
58,辛島　航,投手,1990/10/18,34歳,16年,173cm,72kg,A型,左左,福岡,"8,000万円",楽天
59,泰　勝利,投手,2003/11/11,21歳,3年,172cm,82kg,A型,左右,鹿児島,550万円,楽天
60,ワォーターズ　璃海ジュミル,内野手,2005/10/14,19歳,1年,178cm,76kg,不明,右右,沖縄,550万円,楽天
61,松田　啄磨,投手,2002/02/26,22歳,1年,186cm,74kg,B型,右右,大阪,700万円,楽天
62,西口　直人,投手,1996/11/14,28歳,8年,183cm,83kg,B型,右右,大阪,"3,200万円",楽天
63,入江　大樹,内野手,2002/06/06,22歳,4年,185cm,83kg,A型,右右,大阪,530万円,楽天
64,林　優樹,投手,2001/10/29,23歳,2年,173cm,73kg,O型,左左,京都,800万円,楽天
65,堀内　謙伍,捕手,1997/04/15,27歳,9年,174cm,82kg,A型,右左,静岡,730万円,楽天
66,村林　一輝,内野手,1997/10/06,27歳,9年,180cm,73kg,O型,右右,大阪,"2,700万円",楽天
67,大内　誠弥,投手,2006/03/09,18歳,1年,191cm,77kg,O型,右右,宮城,500万円,楽天
68,青野　拓海,内野手,2005/07/26,19歳,1年,180cm,85kg,O型,右右,富山,500万円,楽天
69,内　星龍,投手,2002/04/24,22歳,4年,190cm,88kg,O型,右左,大阪,"1,900万円",楽天
70,石原　彪,捕手,1999/03/08,25歳,8年,172cm,96kg,A型,右右,京都,500万円,楽天
71,吉川　雄大,投手,1996/12/12,28歳,3年,167cm,80kg,AB型,右右,広島,650万円,楽天
72,宮森　智志,投手,1998/05/28,26歳,3年,193cm,93kg,O型,右右,広島,980万円,楽天
78,辰見　鴻之介,内野手,2000/11/24,24歳,2年,176cm,67kg,B型,右右,福岡,420万円,楽天
79,清宮　虎多朗,投手,2000/05/26,24歳,6年,190cm,84kg,A型,右左,千葉,500万円,楽天
130,古賀　康誠,投手,2004/09/03,20歳,2年,181cm,81kg,A型,左左,福岡,230万円,楽天
131,永田　颯太郎,内野手,2000/10/11,24歳,2年,178cm,85kg,O型,右左,愛知,250万円,楽天
137,江川　侑斗,捕手,2001/06/29,23歳,5年,177cm,81kg,B型,右右,大分,230万円,楽天
138,小峯　新陸,投手,2001/12/01,23歳,5年,189cm,90kg,A型,右左,鹿児島,360万円,楽天
141,澤野　聖悠,内野手,2002/03/09,22歳,5年,184cm,85kg,A型,右左,愛知,230万円,楽天
142,柳澤　大空,外野手,2003/05/31,21歳,3年,182cm,78kg,O型,右右,神奈川,250万円,楽天
144,大河原　翔,外野手,2003/08/17,21歳,3年,183cm,95kg,B型,右右,千葉,230万円,楽天
155,竹下　瑛広,投手,2000/05/20,24歳,2年,185cm,80kg,A型,右右,神奈川,250万円,楽天
0,ヤン,投手,1996/08/17,28歳,1年,190cm,83kg,不明,左左,ドミニカ共和国,"7,500万円",西武
0,児玉　亮涼,内野手,1998/07/10,26歳,2年,166cm,65kg,A型,右右,熊本,"1,300万円",西武
1,栗山　巧,外野手,1983/09/03,41歳,23年,177cm,85kg,O型,右左,兵庫,"10,800万円",西武
2,岡田　雅利,捕手,1989/06/30,35歳,11年,173cm,80kg,B型,右右,奈良,"1,000万円",西武
4,山野辺　翔,内野手,1994/05/24,30歳,6年,170cm,74kg,AB型,右右,東京,970万円,西武
5,外崎　修汰,内野手,1992/12/20,32歳,10年,177cm,82kg,O型,右右,青森,"16,000万円",西武
6,源田　壮亮,内野手,1993/02/16,31歳,8年,179cm,75kg,O型,右左,大分,"30,000万円",西武
7,金子　侑司,外野手,1990/04/24,34歳,12年,179cm,76kg,B型,右両,京都,"7,000万円",西武
8,渡部　健人,内野手,1998/12/26,26歳,4年,176cm,115kg,O型,右右,神奈川,"1,600万円",西武
9,蛭間　拓哉,外野手,2000/09/08,24歳,2年,177cm,87kg,O型,左左,群馬,"2,200万円",西武
10,佐藤　龍世,内野手,1997/01/15,27歳,6年,174cm,85kg,AB型,右右,北海道,"2,200万円",西武
11,上田　大河,投手,2001/11/15,23歳,1年,182cm,86kg,A型,右右,三重,"1,250万円",西武
12,渡邉　勇太朗,投手,2000/09/21,24歳,6年,191cm,95kg,A型,右右,埼玉,820万円,西武
13,髙橋　光成,投手,1997/02/03,27歳,10年,190cm,105kg,B型,右右,群馬,"26,500万円",西武
14,増田　達至,投手,1988/04/23,36歳,12年,180cm,88kg,AB型,右右,兵庫,"24,000万円",西武
15,與座　海人,投手,1995/09/15,29歳,7年,173cm,80kg,O型,右右,沖縄,"3,000万円",西武
16,隅田　知一郎,投手,1999/08/20,25歳,3年,177cm,81kg,O型,左左,長崎,"4,000万円",西武
17,松本　航,投手,1996/11/28,28歳,6年,176cm,90kg,AB型,右右,兵庫,"5,800万円",西武
19,佐藤　隼輔,投手,2000/01/03,24歳,3年,182cm,83kg,B型,左左,宮城,"3,000万円",西武
20,田村　伊知郎,投手,1994/09/19,30歳,8年,173cm,86kg,B型,右左,兵庫,"1,300万円",西武
21,武内　夏暉,投手,2001/07/21,23歳,1年,186cm,90kg,O型,左左,福岡,"1,600万円",西武
22,古賀　悠斗,捕手,1999/09/10,25歳,3年,174cm,86kg,A型,右右,福岡,"2,800万円",西武
23,糸川　亮太,投手,1998/04/30,26歳,1年,170cm,78kg,B型,右右,愛媛,950万円,西武
25,平井　克典,投手,1991/12/20,33歳,8年,180cm,86kg,A型,右右,愛知,"9,000万円",西武
27,炭谷　銀仁朗,捕手,1987/07/19,37歳,19年,181cm,98kg,O型,右右,京都,"3,500万円",西武
29,青山　美夏人,投手,2000/07/19,24歳,2年,183cm,94kg,A型,右右,神奈川,"1,400万円",西武
30,元山　飛優,内野手,1998/12/04,26歳,4年,180cm,79kg,AB型,右左,大阪,"1,100万円",西武
31,平沼　翔太,内野手,1997/08/16,27歳,9年,179cm,80kg,A型,右左,福井,"1,900万円",西武
32,山村　崇嘉,内野手,2002/09/28,22歳,4年,183cm,86kg,O型,右左,東京,800万円,西武
33,古川　雄大,外野手,2004/05/25,20歳,2年,186cm,90kg,O型,右右,大分,750万円,西武
34,甲斐野　央,投手,1996/11/16,28歳,6年,188cm,92kg,A型,右左,兵庫,"4,000万円",西武
35,松原　聖弥,外野手,1995/01/26,29歳,8年,173cm,74kg,O型,右左,大阪,"2,500万円",西武
36,山田　陽翔,投手,2004/05/09,20歳,2年,175cm,82kg,B型,右右,滋賀,700万円,西武
37,柘植　世那,捕手,1997/06/03,27歳,5年,174cm,88kg,O型,右右,群馬,"2,200万円",西武
38,野田　海人,捕手,2005/03/18,19歳,2年,174cm,80kg,A型,右右,福岡,650万円,西武
40,浜屋　将太,投手,1999/01/26,25歳,5年,176cm,77kg,O型,左左,鹿児島,750万円,西武
41,成田　晴風,投手,2006/02/27,18歳,1年,184cm,86kg,AB型,右右,青森,650万円,西武
42,ボー・タカハシ,投手,1997/01/23,27歳,3年,183cm,93kg,不明,右右,ブラジル,"3,500万円",西武
43,羽田　慎之介,投手,2003/12/25,21歳,3年,191cm,84kg,O型,左左,埼玉,600万円,西武
44,アギラー,内野手,1990/06/30,34歳,1年,190cm,125kg,不明,右右,ベネズエラ,"21,000万円",西武
45,本田　圭佑,投手,1993/04/24,31歳,9年,180cm,80kg,A型,右右,宮城,"2,700万円",西武
46,鈴木　将平,外野手,1998/05/20,26歳,8年,175cm,80kg,O型,左左,静岡,"2,300万円",西武
47,杉山　遙希,投手,2005/09/23,19歳,1年,181cm,82kg,O型,左左,東京,700万円,西武
48,今井　達也,投手,1998/05/09,26歳,8年,180cm,70kg,A型,右右,栃木,"8,000万円",西武
50,髙松　渡,内野手,1999/07/02,25歳,7年,177cm,75kg,A型,右左,兵庫,"1,060万円",西武
51,西川　愛也,外野手,1999/06/10,25歳,7年,181cm,87kg,A型,右左,大阪,"1,100万円",西武
52,陽川　尚将,内野手,1991/07/17,33歳,11年,180cm,90kg,O型,右右,大阪,"1,800万円",西武
53,牧野　翔矢,捕手,2001/03/04,23歳,6年,178cm,80kg,B型,右左,石川,660万円,西武
54,アブレイユ,投手,1995/09/26,29歳,1年,188cm,86kg,不明,右右,ドミニカ共和国,"15,000万円",西武
55,コルデロ,外野手,1994/09/02,30歳,1年,191cm,102kg,不明,右左,ドミニカ共和国,"10,000万円",西武
56,宮澤　太成,投手,1999/04/15,25歳,1年,185cm,95kg,A型,右右,長野,900万円,西武
57,黒田　将矢,投手,2004/01/24,20歳,3年,188cm,84kg,B型,右右,青森,650万円,西武
58,中村　祐太,投手,1995/08/31,29歳,11年,184cm,90kg,A型,右右,東京,"1,000万円",西武
59,大曲　錬,投手,1998/05/21,26歳,4年,180cm,81kg,A型,右右,福岡,820万円,西武
60,中村　剛也,内野手,1983/08/15,41歳,23年,175cm,102kg,O型,右右,大阪,"15,000万円",西武
61,平良　海馬,投手,1999/11/15,25歳,7年,173cm,93kg,O型,右左,沖縄,"25,000万円",西武
62,滝澤　夏央,内野手,2003/08/13,21歳,3年,164cm,65kg,A型,右左,新潟,730万円,西武
63,長谷川　信哉,外野手,2002/05/17,22歳,4年,183cm,85kg,B型,右右,京都,"1,100万円",西武
65,古市　尊,捕手,2002/06/15,22歳,3年,176cm,73kg,O型,右右,香川,700万円,西武
66,ブランドン,内野手,1998/06/15,26歳,4年,179cm,86kg,O型,右右,沖縄,600万円,西武
67,野村　大樹,内野手,2000/09/10,24歳,6年,171cm,85kg,O型,右右,兵庫,"1,070万円",西武
68,岸　潤一郎,外野手,1996/12/08,28歳,5年,174cm,85kg,A型,右右,兵庫,"1,650万円",西武
69,水上　由伸,投手,1998/07/13,26歳,4年,176cm,79kg,O型,右右,長野,"3,300万円",西武
70,豆田　泰志,投手,2003/01/15,21歳,4年,173cm,88kg,B型,右右,埼玉,750万円,西武
71,菅井　信也,投手,2003/06/28,21歳,3年,183cm,80kg,A型,左左,山形,280万円,西武
73,高木　渉,外野手,1999/12/06,25歳,7年,181cm,87kg,B型,右左,福岡,700万円,西武
75,奥村　光一,外野手,1999/12/24,25歳,1年,178cm,83kg,A型,右右,静岡,400万円,西武
78,ガルシア,外野手,2000/09/05,24歳,1年,198cm,115kg,不明,右両,ドミニカ共和国,400万円,西武
99,村田　怜音,内野手,2001/08/04,23歳,1年,196cm,110kg,A型,右右,三重,700万円,西武
112,粟津　凱士,投手,1997/03/01,27歳,6年,180cm,88kg,A型,右右,山形,500万円,西武
113,伊藤　翔,投手,1999/02/10,25歳,7年,177cm,78kg,A型,右右,千葉,500万円,西武
114,上間　永遠,投手,2001/01/31,23歳,5年,180cm,82kg,B型,右右,沖縄,500万円,西武
115,佐々木　健,投手,1996/05/13,28歳,4年,179cm,87kg,B型,左左,青森,"2,000万円",西武
116,ロペス,投手,1999/09/02,25歳,1年,193cm,102kg,不明,右右,ドミニカ共和国,400万円,西武
118,野村　和輝,内野手,2003/06/07,21歳,2年,183cm,95kg,A型,右右,大阪,320万円,西武
119,モンテル,外野手,2000/03/18,24歳,2年,186cm,88kg,B型,右右,沖縄,400万円,西武
120,井上　広輝,投手,2001/07/17,23歳,5年,181cm,84kg,AB型,右右,神奈川,500万円,西武
121,三浦　大輝,投手,2000/04/07,24歳,2年,180cm,88kg,A型,右左,愛知,400万円,西武
122,是澤　涼輔,捕手,2000/04/19,24歳,2年,177cm,78kg,AB型,右右,三重,400万円,西武
123,ジョセフ,外野手,1999/03/24,25歳,4年,175cm,88kg,O型,右両,三重,400万円,西武
125,シンクレア,投手,2001/06/12,23歳,1年,193cm,94kg,不明,左左,カナダ,400万円,西武
126,谷口　朝陽,内野手,2004/04/03,20歳,1年,185cm,85kg,O型,右右,徳島,280万円,西武
127,森脇　亮介,投手,1992/07/13,32歳,6年,175cm,70kg,A型,右右,京都,"3,600万円",西武
129,川下　将勲,投手,2005/04/03,19歳,1年,186cm,72kg,A型,左左,北海道,280万円,西武
130,金子　功児,内野手,2003/09/02,21歳,1年,176cm,79kg,A型,右左,神奈川,320万円,西武
131,木瀬　翔太,投手,2005/04/05,19歳,1年,185cm,83kg,O型,右右,京都,280万円,西武
134,川野　涼多,内野手,2001/06/28,23歳,5年,178cm,80kg,AB型,右右,熊本,650万円,西武
135,仲三河　優太,外野手,2002/10/22,22歳,4年,180cm,90kg,A型,右左,栃木,550万円,西武
136,赤上　優人,投手,1999/02/10,25歳,4年,177cm,83kg,A型,右右,秋田,470万円,西武
0,池田　来翔,内野手,1999/12/11,25歳,3年,180cm,95kg,O型,右右,千葉,"1,600万円",ロッテ
0,荻野　貴司,外野手,1985/10/21,39歳,15年,172cm,75kg,O型,右右,奈良,"9,000万円",ロッテ
1,藤原　恭大,外野手,2000/05/06,24歳,6年,181cm,80kg,B型,左左,大阪,"3,200万円",ロッテ
2,松川　虎生,捕手,2003/10/20,21歳,3年,178cm,98kg,A型,右右,大阪,"2,000万円",ロッテ
3,角中　勝也,外野手,1987/05/25,37歳,18年,180cm,85kg,A型,右左,石川,"6,600万円",ロッテ
4,友杉　篤輝,内野手,2000/11/07,24歳,2年,171cm,70kg,A型,右右,大阪,"1,900万円",ロッテ
5,安田　尚憲,内野手,1999/04/15,25歳,7年,188cm,100kg,A型,右左,大阪,"5,500万円",ロッテ
7,藤岡　裕大,内野手,1993/08/08,31歳,7年,178cm,86kg,O型,右左,岡山,"8,000万円",ロッテ
8,中村　奨吾,内野手,1992/05/28,32歳,10年,180cm,86kg,A型,右右,兵庫,"20,000万円",ロッテ
10,上田　希由翔,内野手,2001/08/12,23歳,1年,183cm,96kg,O型,右左,愛知,"1,600万円",ロッテ
11,澤村　拓一,投手,1988/04/03,36歳,12年,184cm,105kg,A型,右右,栃木,"20,000万円",ロッテ
12,石川　歩,投手,1988/04/11,36歳,11年,186cm,80kg,A型,右右,富山,"11,000万円",ロッテ
13,平沢　大河,内野手,1997/12/24,27歳,9年,176cm,80kg,A型,右左,宮城,"2,000万円",ロッテ
14,小島　和哉,投手,1996/07/07,28歳,6年,178cm,85kg,O型,左左,埼玉,"10,500万円",ロッテ
15,美馬　学,投手,1986/09/19,38歳,14年,169cm,75kg,O型,右左,茨城,"14,000万円",ロッテ
16,種市　篤暉,投手,1998/09/07,26歳,8年,183cm,88kg,AB型,右右,青森,"5,200万円",ロッテ
17,佐々木　朗希,投手,2001/11/03,23歳,5年,192cm,92kg,O型,右右,岩手,"8,000万円",ロッテ
18,二木　康太,投手,1995/08/01,29歳,11年,190cm,85kg,O型,右右,鹿児島,"3,500万円",ロッテ
19,唐川　侑己,投手,1989/07/05,35歳,17年,181cm,90kg,O型,右右,千葉,"7,150万円",ロッテ
20,東條　大樹,投手,1991/08/15,33歳,9年,178cm,85kg,O型,右右,神奈川,"5,000万円",ロッテ
22,ポランコ,外野手,1991/09/14,33歳,3年,196cm,108kg,不明,左左,ドミニカ共和国,"50,000万円",ロッテ
23,石川　慎吾,外野手,1993/04/27,31歳,13年,178cm,80kg,O型,右右,大阪,"2,800万円",ロッテ
24,東妻　勇輔,投手,1996/04/04,28歳,6年,172cm,80kg,B型,右右,和歌山,"3,000万円",ロッテ
25,岡　大海,外野手,1991/07/15,33歳,11年,185cm,80kg,B型,右右,岡山,"7,000万円",ロッテ
27,田村　龍弘,捕手,1994/05/13,30歳,12年,172cm,81kg,A型,右右,大阪,"7,000万円",ロッテ
28,菊地　吏玖,投手,2000/06/13,24歳,2年,183cm,93kg,A型,右左,北海道,"1,600万円",ロッテ
29,西野　勇士,投手,1991/03/06,33歳,16年,183cm,90kg,A型,右右,富山,"8,500万円",ロッテ
30,廣畑　敦也,投手,1997/12/03,27歳,3年,175cm,83kg,A型,右右,岡山,"1,500万円",ロッテ
31,大谷　輝龍,投手,2000/07/11,24歳,1年,180cm,81kg,A型,右右,石川,"1,200万円",ロッテ
32,佐藤　都志也,捕手,1998/01/27,26歳,5年,181cm,86kg,B型,右左,福島,"4,350万円",ロッテ
33,八木　彬,投手,1997/05/26,27歳,3年,180cm,94kg,A型,右右,和歌山,"1,100万円",ロッテ
34,高野　脩汰,投手,1998/08/13,26歳,2年,183cm,87kg,B型,左左,島根,"1,150万円",ロッテ
35,田中　晴也,投手,2004/06/06,20歳,2年,186cm,92kg,不明,右左,新潟,600万円,ロッテ
36,坂本　光士郎,投手,1994/09/09,30歳,6年,179cm,75kg,B型,左左,広島,"3,800万円",ロッテ
37,小野　郁,投手,1996/10/23,28歳,10年,175cm,78kg,AB型,右右,福岡,"3,500万円",ロッテ
38,髙部　瑛斗,外野手,1997/12/11,27歳,5年,178cm,72kg,A型,右左,神奈川,"2,800万円",ロッテ
39,大下　誠一郎,内野手,1997/11/03,27歳,5年,171cm,89kg,AB型,右右,福岡,800万円,ロッテ
40,西村　天裕,投手,1993/05/06,31歳,7年,177cm,92kg,O型,右右,和歌山,"4,000万円",ロッテ
41,ダイクストラ,投手,1990/11/22,34歳,1年,193cm,100kg,不明,右左,アメリカ,-,ロッテ
41,カイケル,投手,1988/01/01,36歳,1年,190cm,93kg,不明,左左,アメリカ,-,ロッテ
42,メルセデス,投手,1994/03/08,30歳,8年,188cm,82kg,不明,左両,ドミニカ共和国,"8,000万円",ロッテ
43,秋山　正雲,投手,2003/04/29,21歳,3年,174cm,80kg,B型,左左,千葉,560万円,ロッテ
44,井上　晴哉,内野手,1989/07/03,35歳,11年,180cm,115kg,A型,右右,広島,"3,200万円",ロッテ
45,植田　将太,捕手,1997/12/18,27歳,5年,180cm,86kg,AB型,右右,大阪,500万円,ロッテ
46,岩下　大輝,投手,1996/10/02,28歳,10年,182cm,90kg,O型,右右,石川,"4,200万円",ロッテ
47,鈴木　昭汰,投手,1998/09/07,26歳,4年,175cm,80kg,A型,左左,茨城,"1,800万円",ロッテ
48,中村　稔弥,投手,1996/07/08,28歳,6年,178cm,84kg,A型,左左,長崎,"2,000万円",ロッテ
49,本前　郁也,投手,1997/10/02,27歳,5年,176cm,82kg,A型,左左,北海道,"1,200万円",ロッテ
50,愛斗,外野手,1997/04/06,27歳,9年,177cm,92kg,O型,右右,大阪,"2,900万円",ロッテ
51,山口　航輝,外野手,2000/08/18,24歳,6年,183cm,100kg,A型,右右,大阪,"4,300万円",ロッテ
52,益田　直也,投手,1989/10/25,35歳,13年,178cm,80kg,B型,右右,和歌山,"20,000万円",ロッテ
53,木村　優人,投手,2005/06/01,19歳,1年,185cm,77kg,B型,右左,茨城,600万円,ロッテ
55,柿沼　友哉,捕手,1993/05/12,31歳,9年,180cm,86kg,A型,右右,茨城,"1,500万円",ロッテ
56,中森　俊介,投手,2002/05/29,22歳,4年,182cm,90kg,AB型,右左,兵庫,"1,500万円",ロッテ
57,小川　龍成,内野手,1998/04/05,26歳,4年,171cm,74kg,O型,右左,群馬,"1,200万円",ロッテ
58,河村　説人,投手,1997/06/18,27歳,4年,192cm,87kg,O型,右右,北海道,"1,150万円",ロッテ
59,早坂　響,投手,2005/07/26,19歳,1年,176cm,70kg,A型,右右,千葉,560万円,ロッテ
60,横山　陸人,投手,2001/08/05,23歳,5年,180cm,90kg,O型,右右,東京,"1,800万円",ロッテ
61,山本　大斗,外野手,2002/08/09,22歳,4年,180cm,90kg,A型,右右,鳥取,460万円,ロッテ
62,森　遼大朗,投手,1999/04/22,25歳,7年,180cm,87kg,A型,右左,宮崎,700万円,ロッテ
63,和田　康士朗,外野手,1999/01/14,25歳,7年,185cm,77kg,B型,左左,埼玉,"2,500万円",ロッテ
64,フェルナンデス,投手,1997/03/02,27歳,1年,190cm,106kg,不明,右右,ドミニカ共和国,"18,000万円",ロッテ
64,菅野　剛士,外野手,1993/05/06,31歳,7年,171cm,83kg,A型,右左,東京,"1,500万円",ロッテ
65,寺地　隆成,捕手,2005/08/19,19歳,1年,177cm,82kg,O型,右左,東京,500万円,ロッテ
66,澤田　圭佑,投手,1994/04/27,30歳,8年,178cm,96kg,B型,右左,愛媛,"1,940万円",ロッテ
67,茶谷　健太,内野手,1998/01/16,26歳,9年,186cm,88kg,O型,右右,神奈川,"2,000万円",ロッテ
68,金田　優太,内野手,2005/02/12,19歳,2年,183cm,83kg,O型,右左,埼玉,500万円,ロッテ
69,コルデロ,投手,1991/10/19,33歳,1年,190cm,111kg,不明,右右,ドミニカ共和国,"18,000万円",ロッテ
91,二保　旭,投手,1990/05/18,34歳,16年,182cm,74kg,B型,右右,福岡,700万円,ロッテ
92,国吉　佑樹,投手,1991/09/24,33歳,15年,196cm,106kg,A型,右右,大阪,"5,000万円",ロッテ
93,吉田　凌,投手,1997/06/20,27歳,9年,181cm,80kg,A型,右右,兵庫,700万円,ロッテ
99,ソト,内野手,1989/02/28,35歳,7年,185cm,97kg,不明,右右,プエルトリコ,"20,000万円",ロッテ
120,田中　楓基,投手,2003/08/23,21歳,3年,180cm,75kg,O型,右右,北海道,230万円,ロッテ
121,土肥　星也,投手,1995/07/07,29歳,8年,186cm,90kg,B型,左左,大阪,750万円,ロッテ
124,古谷　拓郎,投手,2000/04/21,24歳,6年,184cm,86kg,O型,右右,千葉,420万円,ロッテ
125,永島田　輝斗,投手,2003/11/30,21歳,3年,180cm,85kg,A型,右右,神奈川,230万円,ロッテ
126,村山　亮介,捕手,2003/11/12,21歳,3年,188cm,118kg,O型,右右,千葉,230万円,ロッテ
127,吉川　悠斗,投手,2005/03/14,19歳,2年,185cm,82kg,A型,左左,埼玉,230万円,ロッテ
128,白濱　快起,投手,2004/07/05,20歳,2年,192cm,87kg,A型,右右,広島,230万円,ロッテ
129,勝又　琉偉,内野手,2004/10/07,20歳,2年,188cm,78kg,A型,右右,静岡,230万円,ロッテ
130,黒川　凱星,内野手,2004/04/05,20歳,2年,178cm,80kg,A型,右右,千葉,230万円,ロッテ
133,武内　涼太,投手,2005/10/25,19歳,1年,184cm,84kg,O型,右右,大分,230万円,ロッテ
134,松石　信八,内野手,2005/12/18,19歳,1年,175cm,75kg,O型,右右,佐賀,230万円,ロッテ
135,髙野　光海,外野手,2004/06/17,20歳,1年,187cm,87kg,O型,右右,兵庫,250万円,ロッテ
136,藤田　和樹,外野手,2005/11/04,19歳,1年,185cm,82kg,A型,右左,山口,230万円,ロッテ
137,富山　紘之進,捕手,2005/09/18,19歳,1年,181cm,70kg,O型,右右,大阪,230万円,ロッテ
138,マーティン,外野手,2000/10/14,24歳,1年,188cm,95kg,O型,右右,キューバ,230万円,ロッテ
